c1ccc2cc3c(ccc4ccccc43)cc2c1,-6.678
CCCCCCCCCCCCCCCC(=O)O,-6.42
CCCCCCCCCCCCCCCCCC(=O)O,-6.141
NC(N)=O,-4.921
CN(C)N,2.2119999999999997
Nc1ccc(N=Nc2ccccc2)cc1,-5.854
OCCS,0.24600000000000002
ClC1=C(Cl)C2(Cl)C3C4CC(C5OC45)C3C1(Cl)C2(Cl)Cl,-5.23
CC(=O)O,1.196
CCCCCC=O,1.053
CC(C)O,1.6569999999999998
c1ccccc1,1.9769999999999999
O=C1c2ccccc2C(=O)c2c1ccc(O)c2O,-9.057
C=C,4.717
BrCBr,1.6469999999999998
CCBr,2.6689999999999996
ClCBr,2.155
C=CCl,3.4739999999999998
C=CF,4.297
CCN,3.0210000000000004
FCF,4.1
CSC,2.701
C1CO1,3.117
CC(C)Cl,2.7119999999999997
CC(C)I,1.6340000000000001
CC(C)N,2.763
C=C(F)F,4.477
FC(F)Cl,3.86
FC(F)(Br)Br,2.9139999999999997
ClC(Cl)(Cl)Br,1.591
CC(C)(C)O,1.61
FC(Cl)(Cl)Cl,2.905
FC(F)(Cl)Cl,3.6860000000000004
ClC(Cl)(Br)CBr,-0.046
CCC(C)(C)O,1.2229999999999999
O=CC(Cl)(Cl)Cl,1.699
CC(Cl)(Cl)C(=O)O,-0.821
O=C(Cl)C(Cl)(Cl)Cl,1.328
FC(F)(F)C(F)(F)C(F)(F)F,3.822
ClC1=C(Cl)C(Cl)(Cl)C(Cl)=C1Cl,-1.222
COS(=O)(=O)OC,-0.16899999999999998
CCOC(=O)CC(O)(CC(=O)OCC)C(=O)OCC,-3.1630000000000003
Cc1ccccc1OP(=O)(Oc1ccccc1C)Oc1ccccc1C,-4.836
CCOP(=O)(OCC)OCC,-0.406
CCCCC(CC)COP(=O)(OCC(CC)CCCC)OCC(CC)CCCC,-7.084
CCCCSP(=O)(SCCCC)SCCCC,-5.276
COP(=S)(OC)SCc1nc(N)nc(N)n1,-6.011
C=CC(=C)C,2.74
CCC(C)Cl,2.1959999999999997
CCC(C)=O,1.9569999999999999
CC(=O)CCl,1.079
CC(O)CN,-0.32799999999999996
CC(O)C#N,-0.924
CCC(Cl)Cl,1.834
O=C(O)CO,-1.699
NC(=S)C(N)=S,-5.785
O=C(C(F)(F)F)C(F)(F)Cl,3.155
C=C(C)C(=O)OC,1.585
O=C1c2ccccc2C(=O)c2c(O)ccc(O)c21,-7.614
O=C1c2ccccc2C(=O)C1C(=O)C(c1ccccc1)c1ccccc1,-9.987
c1ccc(-c2ccccc2-c2ccccc2)cc1,-3.602
c1ccc2c(c1)ccc1ccccc12,-3.917
O=C1OC(=O)c2ccccc21,-3.287
CCn1c2ccccc2c2ccccc21,-3.658
ClC(Cl)=C(Cl)C(Cl)=C(Cl)Cl,-0.6579999999999999
CC(C)c1ccccc1O,-1.005
Nc1ccccc1[N+](=O)[O-],-2.5580000000000003
O=C(Cl)c1ccccc1C(=O)Cl,-1.79
O=Cc1ccccc1O,-0.22699999999999998
Brc1cccc2ccccc12,-2.012
Brc1ccc(-c2ccccc2)cc1,-2.6289999999999996
O=C(Oc1ccccc1)c1ccccc1,-2.77
CC(C)OC(=O)COc1ccc(Cl)cc1Cl,-3.635
CCCC(O)C(CC)CO,-2.523
Cc1ccccc1C,0.82
Clc1ccccc1Cl,0.134
Nc1ccccc1Cl,-0.69
Cc1ccccc1F,1.3869999999999998
Oc1ccccc1Cl,0.40299999999999997
Cc1ccc(C)c(C)c1,0.322
Cc1ccc(N)cc1C,-1.554
Cc1cc(C)c(C)cc1C,-0.27699999999999997
C=CCOC(=O)C(=C)C,0.7609999999999999
ClC=C(Cl)CCl,0.643
CCC(=O)CC,1.5759999999999998
CC(C)(C)c1ccc(O)c(C(C)(C)C)c1,-2.3209999999999997
O=[N+]([O-])c1ccc(Cl)c([N+](=O)[O-])c1,-4.071000000000001
CCC(CC)CO,0.185
OCc1ccco1,-0.215
FC(F)(F)c1ccccc1,1.589
O=S(=O)(Cl)c1ccccc1,-1.237
CC(C)c1ccccc1,0.653
O=[N+]([O-])c1ccccc1,-0.611
CC1=CCC(C(C)C)=CC1,0.037000000000000005
CC(C)c1ccc(O)cc1,-1.345
O=C(O)c1ccc(O)cc1,-6.7170000000000005
CC(C)c1ccc(C(C)C)cc1,-0.609
O=C(O)c1ccc(C(=O)O)cc1,-5.0360000000000005
CCc1ccccc1,0.982
NCc1ccccc1,-0.185
O=Cc1ccccc1,0.10400000000000001
SCc1ccccc1,-0.384
N#Cc1cccnc1,-0.529
ON=C1CCCCC1,-1.5530000000000002
CSc1ccccc1,-0.314
C=Cc1ccccn1,0.444
CCc1ccccn1,0.6890000000000001
c1ccc(Cc2ccccc2)cc1,-2.086
O=C(Cc1ccccc1)Cc1ccccc1,-3.1310000000000002
CCCN(CCC)CCC,0.179
C=CCN(CC=C)CC=C,0.561
OCCN(CCO)CCO,-5.445
C=CC(=O)OCC(CC)CCCC,-0.75
CCOC(=O)C=Cc1ccccc1,-2.485
CC(=O)OCCc1ccccc1,-1.5030000000000001
BrCCc1ccccc1,-0.611
CCNc1ccccc1,-0.69
O=C=Nc1ccccc1,0.41
O=C(Cl)Cc1ccccc1,-0.701
CC=Cc1ccc(OC)cc1,-1.155
CCC1CCC(C)NC1,0.45799999999999996
OCC1CCC(CO)CC1,-3.511
CCOC(=O)CCl,0.688
CCOC(=O)NC,-0.043
Cc1ccc(O)c(C)c1,-0.991
Clc1ccc(Br)cc1,-0.588
Clc1ccc(Cl)cc1,0.24100000000000002
Cc1ccc(N)cc1,-0.544
C=CCC,3.352
C=CC=C,3.324
C=CC=O,2.438
CCCS,2.188
OCCCl,0.856
COC=O,2.7680000000000002
CC(C)=CC(C)(C)C,1.555
CC(O)CCO,-1.6969999999999998
CN(C)CCO,0.502
CC(C)NC(C)C,1.9
CC(=O)OC(C)C,1.781
Cc1cccc(C)c1,0.919
Cc1cccc(O)c1,-0.9590000000000001
C=Cc1cccc(C=C)c1,-0.237
Brc1ccccc1,0.621
O=C1CCCCC1,0.636
Cc1cccnc1,0.782
BrCCCBr,0.134
CCCCCl,2.004
ClCCCBr,0.8059999999999999
C=CCC#N,1.2670000000000001
COCOC,2.6
C=COC=C,2.826
CC(C)(C)OOC(C)(C)C,1.4
CC(=O)OCC(C)C,1.25
ClCC=CCCl,0.535
CCCOC=O,1.9169999999999998
C1CCCCC1,1.986
CCCCCCCC(=O)OC,-0.268
CCCCCCC(C)=O,0.13
CCCCCCBr,0.591
OCCCCCO,-2.4090000000000003
NCCNCCO,-2.0869999999999997
CCCSCCC,0.81
CC(=O)OCCOC(C)=O,-1.111
CCCCCCCC,1.149
C=CCCCCCC,1.2409999999999999
CC=CCCCCC,1.212
N#CCCCCC#N,-3.168
CCCCCCCCC,0.648
CCCCCCCCCl,-0.022000000000000002
CCCCCCCCS,-0.37200000000000005
CCCCCCCCCCO,-2.07
CCCCCCCCCC=O,-0.987
CCCCOCCOCCO,-1.66
NCCNCCNCCNCCN,-6.097
CCCCCCOCCOCCO,-2.928
CCCCCCCCC=CCCCCCCCC(=O)OC,-5.2010000000000005
CCCCCCCCCCCCCO,-3.361
CCCCOCCOCCOCCCC,-1.5830000000000002
CCCCC(CC)CN1C(=O)C2C3C=CC(C3)C2C1=O,-4.745
CC(=O)C(C)(C)O,0.792
O=P(Oc1ccccc1)(Oc1ccccc1)Oc1ccccc1,-5.202000000000001
CCOP(=S)(OCC)Oc1ccc(S(C)=O)cc1,-4.301
C=CC(C)(CCC=C(C)C)OC(C)=O,-0.955
O=P(OCCCl)(OCCCl)OCCCl,-1.213
FC(F)=C(F)F,4.388999999999999
CCC(C)C(=O)O,-0.309
Nc1ccc(O)c2c1C(=O)c1ccccc1C2=O,-8.523
CCOC(=O)c1ccccc1O,-1.073
Cc1ccccc1C(=O)O,-3.182
Cc1c([N+](=O)[O-])cc([N+](=O)[O-])cc1[N+](=O)[O-],-5.096
O=C1CCCC1,1.057
C=CC=CCC1=C(C)C(OC(=O)C2C(C=C(C)C)C2(C)C)CC1=O,-4.6930000000000005
CCOc1cc(C=O)ccc1O,-4.9830000000000005
COc1cc(C=O)ccc1O,-3.928
O=[N+]([O-])c1cccc(Cl)c1,-1.013
c1ccc(Nc2ccccc2)cc1,-3.174
O=Cc1ccc(O)cc1,-3.947
COc1ccc(C=O)cc1,-1.483
CC(=O)CC(C)(C)O,0.233
CCCCOC(C)=O,1.061
NCCCCCCN,-0.9279999999999999
C=CCCCCCCC,0.732
CCCCCCCCC=O,-0.43200000000000005
CCCCCCCCCCCCN,-2.094
O=P(OCC(Br)CBr)(OCC(Br)CBr)OCC(Br)CBr,-3.721
C=C(C)C#N,1.8519999999999999
Nc1ccc(N)c2c1C(=O)c1ccccc1C2=O,-9.699
CN(C)C(=S)SSC(=S)N(C)C,-4.762
O=C(O)C=Cc1ccccc1,-4.686
CC(=O)OCc1ccccc1,-0.752
C=CC(=O)OCC,1.587
CCOC(=O)CCCCC(=O)OCC,-1.239
C1=CCCC1,2.58
C1CCOCC1,1.854
CCCNCCC,1.3030000000000002
CCCCOCCOCCOCCO,-2.602
O=C(O)C(=O)O,-3.6310000000000002
CN(C)C(=O)Nc1ccc(Cl)cc1,-6.297999999999999
CCOc1ccc(N)cc1,-1.979
C1CC12CC2,2.661
C1CC2CC12,2.556
c1cc2ccc3ccc4ccc5ccc6ccc1c1c2c3c4c5c61,-11.664000000000001
c1ccc2c(c1)c1cccc3ccc4cccc2c4c31,-8.244
c1ccc2c(c1)ccc1c3ccccc3ccc21,-8.206
c1ccc2nc3ccccc3cc2c1,-3.87
c1ccc2c(c1)Oc1ccccc1O2,-3.384
c1cnoc1,1.6580000000000001
CCOP(=S)(OCC)Oc1cnccn1,-2.523
ClC1C(Cl)C(Cl)C(Cl)C(Cl)C1Cl,-4.453
FC(F)(F)c1ccc(Cl)c(Cl)c1,0.373
FC(F)(F)C(F)(F)C(F)(F)C(F)(F)C(F)(F)C(F)(F)C(F)(F)F,1.883
Cc1cccc(F)c1,1.338
CCF,3.835
FC(F)C(F)(F)F,4.021
FC(F)(F)C(Cl)(Cl)Cl,2.556
FC(F)(F)C1(F)C(F)(F)C(F)(F)C(F)(F)C(F)(F)C1(F)F,2.025
FC1(F)C(F)(F)C(F)(Cl)C1(F)Cl,2.362
OCCF,1.328
O=C(O)C(F)(F)C(F)(F)C(F)(F)F,0.804
C1CS1,2.398
FC(C(F)(F)F)C(F)(F)F,3.533
CCOCOCC,1.5330000000000001
CCCCCCCCF,0.772
C=C=O,4.0169999999999995
CC(C)(C)C,3.111
NC(=O)C(N)=O,-7.197
c1ccc2c(c1)CCC2,0.16699999999999998
OC1C2COC(O2)C(O)C1O,-7.125
CC(C)=CC(=O)C=C(C)C,-0.5579999999999999
ClCCSCCCl,-0.9590000000000001
CC=C(C)C,2.67
CC(C)CS,1.844
CCC(C)S,1.9069999999999998
CCC(Br)CBr,0.491
COC(C)OC,2.233
CCOC(=O)C(C)Cl,0.5579999999999999
CCc1cccnc1,0.40299999999999997
COc1cccc(N)c1,-1.125
CCN(CCCl)CCCl,-0.602
Fc1ccc(F)cc1,1.808
ClC=CCl,2.303
SCCS,0.7490000000000001
CNNC,1.844
CC(C)CCS,1.307
C1=CCC=C1,2.638
O=C(Cl)CCC(=O)Cl,-0.43200000000000005
CCCCCC(C)O,0.09
CC1C(=O)CC2(C(C)C)CC12,-0.385
CN=C=S,0.5489999999999999
C=CC(C)C,2.9560000000000004
Cc1ccc(C)c2ccccc12,-1.67
O=C(c1ccccc1)C(O)c1ccccc1,-4.9
COc1ccccc1C(=O)O,-4.7989999999999995
CCC(C)C(C)CC,1.3359999999999999
Cc1ccncc1C,0.09300000000000001
CCCC(=O)CC,1.143
CCCC(C)CCC,1.3119999999999998
CCCCC(O)CCC,-0.507
CCCCOC(=O)CC,0.645
IC=CI,-0.513
CC(C)CC=O,1.699
Cc1cccc(Br)c1,0.185
Ic1ccccc1,0.025
C=CCC=C,2.8739999999999997
CC(C)CCC(C)C,1.4809999999999999
C=CCC=CC,2.2359999999999998
CCCCCCCCCCCCCCCCCCCCCCCCCCC,-6.551
C=CBr,3.013
CC(Cl)(Cl)[N+](=O)[O-],1.228
CCCC(C)(O)CC,0.292
COC(C)C,2.782
CC(C)C(C)O,0.961
Cn1c(=O)cc[nH]c1=O,-3.148
Nc1cccc2ncccc12,-4.7669999999999995
CC(c1ccccc1)c1ccccc1,-1.932
Cc1ccc2cc3ccccc3cc2c1,-5.272
CCOC(=O)c1ccco1,-0.47200000000000003
CCOC(=O)N(C)N=O,0.07200000000000001
Cn1ccc(=O)[nH]c1=O,-3.293
CCc1cccc(C)c1,0.483
CCc1cccc(O)c1,-1.301
Cc1cccc(CC(=O)O)c1,-1.227
CCc1ccc(C)cc1,0.47700000000000004
CCCC(=O)OC,1.5090000000000001
CC1CCC(C)CC1,1.253
CC=CC,3.2460000000000004
CCSC,2.204
CCCC(C)Cl,1.6880000000000002
CCO[N+](=O)[O-],1.806
CC(=O)NC(C)=O,-2.004
COC(=O)CCCCC(=O)OC,-1.219
CCCCCI,0.642
CCCCSC,1.193
CCCOCC,2.258
C1=CCC=CC1,1.8230000000000002
CCCCCOC(C)=O,0.544
CCCCOCC,1.713
CCCCCCCBr,0.10400000000000001
CCCCCCCCl,0.45
CCOCCOCC,1.528
CCCCSSCCCC,-1.199
CCCCCCCCCCCCC,-1.253
CCCCCCCCCCCCCCCCCCI,-5.7170000000000005
CCCCCCCCCCCCCCCCCCCCCC,-5.893
CCCCCCCCCCCCC(=O)O,-4.9
CCCCCCCCCCCCCCCCCCCCCCCCCCCCCC,-10.564
CCCOC(=O)C(C)C,0.924
CCCc1ccc(O)cc1,-1.426
CC=CCC,2.7039999999999997
CCCCCCCF,1.265
C=COC=O,2.496
CCCCCCCCCCCBr,-1.9169999999999998
Cl[As](Cl)c1ccccc1,-0.9470000000000001
CCc1cc(C)cc(O)c1,-2.057
C=CC(C)CC,2.43
CCCCCCCC(=O)CCCCCCC,-3.3939999999999997
C=CC(=O)OCCO,-1.281
CCCCCCCC(C)=O,-0.205
c1ccc(SSc2ccccc2)cc1,-3.658
CC=C(C)CC,2.1959999999999997
CCC1CCCC1C,1.301
Oc1cc(Cl)cc(Cl)c1Cl,-1.6580000000000001
CCc1ccc2ccccc2c1,-1.5
CCCCCCCCCCCCCCC(=O)O,-6.362
Brc1cccs1,1.369
CCCCCCCc1ccccc1,-1.5090000000000001
N#CCC=CCC#N,-2.1590000000000003
C=CCCCCCCCCCCCC,-1.824
CC(CO)c1ccccc1,-1.7209999999999999
CCSC(=O)N(CC)C1CCCCC1,-2.699
CC=CC#N,1.504
C1=COCC1,2.398
CC12CCC(C1)C(C)(C)C2=O,-0.08800000000000001
Cc1cccc(Nc2ccccc2)c1,-3.827
CCCCC(CC)COP(=O)(Oc1ccccc1)Oc1ccccc1,-4.301
CCCCCCCCCS,-0.879
C=CCOCCC,1.784
c1ccc(-c2c3ccccc3c(-c3ccccc3)c3ccccc23)cc1,-9.845
SC1CCCCC1,0.599
CCCCCCCCCC(C)O,-1.476
N#CCCOCCC#N,-3.7569999999999997
CCC(C)(C)S,1.68
Clc1cc2c(cc1Cl)Oc1cc(Cl)c(Cl)cc1O2,-8.824
O=C(O)C1CC1,-0.62
CCCCN(CC)c1c([N+](=O)[O-])cc(C(F)(F)F)cc1[N+](=O)[O-],-4.185
CCCSC(=O)N(CCC)CCC,-1.983
CCCC#CCCC,0.985
CCCCCC(C)Br,0.358
CCCC1CCCC1,1.093
Clc1ccc(-c2ccc(Cl)cc2)cc1,-3.272
Clc1ccc2ccccc2c1Cl,-2.699
CCC(C)CCCC(C)C,0.47
Clc1ccccc1-c1ccccc1,-2.86
Clc1c(Br)c(Br)c2c(c1Br)Oc1c(Br)c(Br)c(Cl)c(Br)c1O2,-12.502
CCCCCCCCc1ccccc1,-1.9469999999999998
CC1CCCC(C)C1,1.246
CC1CCC(C)CC1,1.3559999999999999
ClC1=C(Cl)C(Cl)(C2(Cl)C(Cl)=C(Cl)C(Cl)=C2Cl)C(Cl)=C1Cl,-5.662000000000001
Clc1ccc(-c2ccc(Cl)cc2Cl)c(Cl)c1,-4.064
CCN(CC)c1ccc(N=Nc2ccccc2)cc1,-7.0729999999999995
O=[N+]([O-])c1ccc(N=Nc2ccccc2)cc1,-5.932
C=CC(=O)OCCCCCCCC,-0.991
CCCCCCC(=O)Cl,-0.35100000000000003
CC1CCC(C)C1,1.821
COc1c(O)c(Cl)c(Cl)c(Cl)c1Cl,-4.0760000000000005
CNC(=O)Oc1cc(C)cc(C(C)C)c1,-4.523
COc1cc(Cl)c(Cl)c(Cl)c1O,-2.728
Cc1cccc(N)c1N,-3.2569999999999997
CC(=O)Nc1ccc(N=Nc2cc(C)ccc2O)cc1,-10.300999999999998
CCCCCCCCCCCCCCCCS,-4.987
CCOP(=S)(OCC)Oc1nc(Cl)c(Cl)cc1Cl,-4.6930000000000005
C=CC1CC2C=CC1C2,0.992
CON(C)C(=O)Nc1ccc(Br)cc1,-5.523
O=C=NC1CCCCC1,0.009000000000000001
O=C=Nc1cccc2c(N=C=O)cccc12,-4.471
CCOc1ccc2c(c1)SC(=C1Sc3cc(OCC)ccc3C1=O)C2=O,-6.699
CC(=O)C(C)CO,-0.6459999999999999
C=CC(C)(C)CC,2.017
CC(C)=CCC(C)C,1.3980000000000001
ClC(Cl)=C(c1ccc(Cl)cc1)c1ccccc1Cl,-5.207999999999999
C=CC[Si](Cl)(Cl)CC=C,0.446
O=C1c2ccccc2C(=O)C1C(=O)C(c1ccccc1)c1ccc(Cl)cc1,-9.125
ClC1=C(Cl)C2(Cl)C3C(Cl)C(Cl)C(Cl)C3C1(Cl)C2(Cl)Cl,-6.0
CCC(C)c1ccccc1OC(=O)NC,-3.845
C=CC(=O)OCC(CC)CC,0.23
CC=CCCC,2.19
CN(C)[N+](=O)[O-],-0.442
CCCCCCCCCCCCI,-1.854
CCCCCC1CCCCC1,-0.429
Cc1cc(N=Nc2cccc([N+](=O)[O-])c2)ccc1N(C)C,-6.699
CC(O)C(O)CO,-2.474
CC1CCC(C)(C)C1,1.045
CC(C#N)CCC#N,-2.292
CC=CC#N,1.505
CCCCCCCCCCCCCCCCCl,-4.208
C=CCCCC(C)C,1.401
Cn1cnc(N)c2ncnc1-2,-8.921
CC=CC=CC,1.92
CC1=C(C(=O)Nc2ccccc2)SCCO1,-6.824
CC1=C(C(=O)Nc2ccccc2)S(=O)(=O)CCO1,-7.377000000000001
CCCCC(O)C(=O)O,-5.502999999999999
CC(C)c1cccc2ccccc12,-2.218
O=C1C(=C2Nc3ccc(Br)cc3C2=O)Nc2ccccc21,-6.523
CSc1nc(NC(C)C)nc(NC(C)C)n1,-5.907
N#CCN(CC#N)CC#N,-6.499
CC(Cl)C(C)Cl,1.3869999999999998
CCC(Cl)(Cl)Cl,1.5
Cc1cc(=O)[nH]o1,-2.863
N#CC(Br)(Br)C(N)=O,-3.0460000000000003
COP(N)(=O)SC,-4.452
Clc1ccccc1-c1ccccc1Cl,-2.5610000000000004
CCCSP(=O)(OCC)SCCC,-3.42
CCC=CCCC,1.719
CC(=O)C=CC1=C(C)CCCC1(C)C,-1.268
CCC(C)OC(=O)Cl,1.025
C=CCCCCCCCCCCCCCCCCC,-4.419
CC(C)(C)c1ccc2cc3ccccc3cc2c1,-6.19
CCCCCCCCCCCCCS,-3.159
COCC(C)OCC(C)OCC(C)O,-1.699
CCCCCCO[N+](=O)[O-],0.19899999999999998
CCNc1nc(Cl)nc(NC(C)(C)C#N)n1,-6.86
CCCC(C)O[N+](=O)[O-],0.71
CNC(=O)ON=C(SC)C(=O)N(C)C,-3.638
C#CC(C)(C)NC(=O)c1cc(Cl)cc(Cl)c1,-6.362
CCCCC(CC)COC(=O)Cl,-0.775
Clc1cc(Cl)cc(Oc2ccccc2)c1,-3.0
CCCCCC(C)C,1.712
Clc1ccccc1Br,-0.20199999999999999
CCN(CC)c1c([N+](=O)[O-])cc(C(F)(F)F)c(N)c1[N+](=O)[O-],-5.444
FC(F)COC(F)F,2.356
CC12CC1(C)C(=O)N(c1cc(Cl)cc(Cl)c1)C2=O,-3.8539999999999996
COc1cc(Oc2ccc(Cl)cc2Cl)ccc1[N+](=O)[O-],-4.854
Clc1cc(Cl)c2c(c1)Oc1c(Cl)cc(Cl)cc1O2,-8.28
Clc1cc(Cl)c(-c2c(Cl)cc(Cl)cc2Cl)c(Cl)c1,-4.921
CNC(=O)N(C)c1nnc(C(C)(C)C)s1,-5.699
Clc1cc2c(c(Cl)c1Cl)Oc1c(Cl)c(Cl)c(Cl)c(Cl)c1O2,-9.125
Clc1cc2c(cc1Cl)Oc1c(cc(Cl)c(Cl)c1Cl)O2,-9.252
FCOC(F)(F)C(F)F,2.373
Clc1cc2c(c(Cl)c1Cl)Oc1c(Cl)c(Cl)c(Cl)c(Cl)c1O2,-11.252
Clc1ccc(-c2ccc(Cl)c(Cl)c2Cl)c(Cl)c1Cl,-5.5920000000000005
Clc1cccc(-c2cccc(Cl)c2Cl)c1Cl,-4.1339999999999995
Clc1ccc2c(c1)Oc1ccccc1O2,-4.893
COC(C)(C)CCCC(C)CC=CC(C)=CC(=O)OC(C)C,-4.627
CCC=CC(C)C,1.881
CCOP(=S)(OCC)Oc1nc(Cl)n(C(C)C)n1,-4.06
Fc1cc2c(cc1F)Oc1cc(Cl)c(Cl)cc1O2,-7.7620000000000005
Clc1cc(Cl)c2c(c1)Oc1cc(Cl)c(Cl)cc1O2,-8.201
CCc1cccc(C)c1N(C(=O)CCl)C(C)COC,-4.503
CC(C)C(C(=O)OC(C#N)c1cccc(Oc2ccccc2)c1)c1ccc(Cl)cc1,-8.824
Clc1ccc(Cl)c(-c2c(Cl)c(Cl)cc(Cl)c2Cl)c1,-5.64
CCCN(CCC)C(=O)SCc1ccccc1,-6.2860000000000005
Clc1cc(Cl)c2cc(Cl)c(Cl)c(Cl)c2c1,-5.678
Clc1cc2oc3c(Cl)c(Cl)ccc3c2cc1Cl,-7.678
Clc1cc2oc3cc(Cl)c(Cl)c(Cl)c3c2cc1Cl,-8.762
CCNC(=O)NC(=O)C(C#N)=NOC,-5.947
CCCCOC(=O)N(C)SN(C)C(=O)Oc1cccc2c1OC(C)(C)C2,-7.5329999999999995
Nc1ccc([N+](=O)[O-])c2c1C(=O)c1c(Cl)ccc(Cl)c1C2=O,-12.398
CC(C)C(C(=O)OC(C#N)c1cccc(Oc2ccccc2)c1)c1ccc(Cl)cc1,-8.824
Clc1cccc(Oc2ccc(Cl)c(Cl)c2)c1,-3.907
Clc1ccc2c(c1)Oc1cc(Cl)c(Cl)c(Cl)c1O2,-8.125
COC(=O)C(C)N(C(=O)Cc1ccccc1)c1c(C)cccc1C,-5.0
CN(C(=O)COc1nc2ccccc2s1)c1ccccc1,-8.318999999999999
Nc1c([N+](=O)[O-])ccc(Oc2ccccc2)c1Cl,-6.921
Cc1c(COC(=O)C2C(C=C(Cl)C(F)(F)F)C2(C)C)cccc1-c1ccccc1,-6.745
CC(C)(C)C(O)C(=Cc1ccc(Cl)cc1Cl)n1cncn1,-4.434
Clc1cc2c(oc3c(Cl)cccc32)c(Cl)c1Cl,-7.4
Clc1ccc(CSC(Cn2cncn2)=Nc2ccc(Cl)cc2Cl)cc1,-9.195
CON=C(Cc1cccnc1)c1ccc(Cl)cc1Cl,-4.893
CCCCC(C#N)(Cn1cncn1)c1ccc(Cl)cc1,-5.796
O=c1oc2ccccc2c(O)c1C1CC(c2ccc(OCc3ccc(C(F)(F)F)cc3)cc2)Cc2ccccc21,-12.0
OCCOc1ccc(N=Nc2ccccc2)cc1,-7.676
COc1ccsc1CN(C(=O)CCl)c1c(C)cccc1C,-6.678
COC(=O)c1ccccc1S(=O)(=O)NC(=O)N(C)c1nc(C)nc(OC)n1,-9.408999999999999
Ic1ccc2c(c1)Oc1ccccc1O2,-4.502
Clc1cc2c(Cl)c(Cl)c(Cl)c(Cl)c2cc1Cl,-6.456
Clc1cc2c(Cl)c(Cl)c(Cl)cc2c(Cl)c1Cl,-6.456
O=C1CC(C(=O)O)CC(=O)C1=C(O)C1CC1,-7.7620000000000005
Brc1cccc2c1Oc1ccccc1O2,-4.58
COc1ccc(C(=CC(=O)N2CCOCC2)c2ccc(Cl)cc2)cc1OC,-8.132
CC(Oc1ccc(Oc2cnc3cc(Cl)ccc3n2)cc1)C(=O)OCC1CCCO1,-7.227
CC(C)(C)c1ccc(CCOc2ncnc3ccccc23)cc1,-7.593
CC(C)C1CCC(Cc2ccc(Cl)cc2)C1(O)Cn1cncn1,-7.402
CCC(Nc1ncnc(C)c1Cl)c1ccc(OC(F)F)cc1,-5.617999999999999
Brc1cc(Br)c(Oc2ccc(Br)c(Br)c2Br)cc1Br,-8.552999999999999
CC(O)C(=O)O,-1.09
O=C(O)c1c(Cl)ccc(Cl)c1Cl,-3.26
c1ccc2c(c1)cc1ccc3cccc4ccc2c1c34,-8.26
COC(=O)C1C(OC(=O)c2ccccc2)CC2CCC1N2C,-6.718999999999999
O=C(O)c1cccc(Cl)c1Cl,-3.642
O=C(O)c1cc(Cl)cc(Cl)c1Cl,-3.5069999999999997
CC(=O)Oc1ccccc1C(=O)O,-4.599
CN(CCCl)CCCl,-0.77
CCOC(N)=O,-0.5820000000000001
c1ccc2c(c1)ccc1cc3c(ccc4ccccc43)cc12,-9.02
CN1CCCC1c1cccnc1,-1.42
COP(=S)(OC)Oc1ccc(SC)c(C)c1,-4.979
O=[N+]([O-])OCC(CO[N+](=O)[O-])O[N+](=O)[O-],-3.398
ClC(Cl)(Cl)Cl,2.061
Cc1ccc2cc3c(ccc4ccccc43)c3c2c1CC3,-7.367000000000001
OCC(O)CO,-3.775
NC(CCC(=O)O)C(=O)O,-7.77
CC(O)CO,-0.889
ClC1=C(Cl)C2(Cl)C3C(Cl)C(Cl)CC3C1(Cl)C2(Cl)Cl,-5.011
OC1COC(O)C(O)C1O,-9.706
Oc1c(Cl)cc(Cl)c(Cl)c1Cl,-3.177
OCC(S)CS,-2.301
CN(C)c1ccc(N=Nc2ccccc2)cc1,-7.155
OCCc1ccccc1,-1.061
CCOCC,2.7310000000000003
CCCCCC=CCC=CCCCCCCCC(=O)O,-6.061
CNN,1.699
CC(N)=O,-1.3980000000000001
CNC(=O)CSP(=S)(OC)OC,-4.726
Nc1nc[nH]n1,-6.357
CCOc1ccc(NC(C)=O)cc1,-6.16
CCOS(C)(=O)=O,-0.6859999999999999
Nc1ccccc1,-0.31
NC(N)=S,-2.553
COP(=O)(OC)OC=C(Cl)Cl,-1.801
CNC(=O)Oc1cccc2ccccc12,-5.8660000000000005
COC(=O)C1=CCCN(C)C1,-1.102
CCO,1.7730000000000001
O=CO,1.629
CCOS(=O)(=O)OCC,-0.674
O=C(O)c1ccccc1,-3.155
O=c1cc[nH]c(=O)[nH]1,-4.331
O=C1CC(=O)NC(=O)N1,-7.824
CO,2.104
CON,2.464
CC(C)=O,2.365
ClC(Cl)Cl,2.294
CS(C)=O,-0.215
O=C(O)CS,-1.061
CN(C)C=O,0.588
O=C(O)c1ccccc1O,-4.086
CCCO,1.3219999999999998
CCCCO,0.826
CCCCCO,0.342
CC(Cl)(Cl)Cl,2.093
Clc1ccc(C(c2ccc(Cl)cc2)C(Cl)Cl)cc1,-5.87
ClC(Cl)=C(c1ccc(Cl)cc1)c1ccc(Cl)cc1,-5.222
Nc1ncnc2[nH]cnc12,-10.350999999999999
c1ccc(Nc2ccc(Nc3ccccc3)cc2)cc1,-8.197000000000001
CBr,3.21
CC,4.498
C#C,4.562
CCl,3.633
CI,2.6069999999999998
CN,3.423
CS,3.179
CCC,3.8539999999999996
C#CC,3.634
CCI,2.134
CC#N,1.9480000000000002
CC=O,2.955
CCS,2.7230000000000003
ClCCl,2.638
ICI,0.079
NC=O,-1.215
C1CC1,3.733
BrC(Br)Br,0.732
CC(C)Br,2.334
CC(C)C,3.417
CC(C)S,2.4419999999999997
CC(Cl)Cl,2.356
C=C(Cl)Cl,2.778
CC(=O)Cl,2.458
CC(F)F,3.658
FC(Cl)Cl,3.134
O=C(Cl)Cl,3.1519999999999997
FC(F)F,4.548
CN(C)C,3.207
C[N+](=O)[O-],1.554
C[SiH](Cl)Cl,2.6319999999999997
CC1CN1,2.146
CC1CO1,2.7310000000000003
FC(F)(F)Br,4.086
CC(C)(C)N,2.571
CC(C)(C)S,2.258
CC(F)(F)Cl,3.405
FC(F)(F)Cl,4.33
FC(F)(F)F,5.242999999999999
C[Si](C)(C)C,2.8560000000000003
C[Si](C)(C)Cl,2.369
C[Si](C)(Cl)Cl,2.158
C[Si](Cl)(Cl)Cl,2.2230000000000003
CCC(C)(C)C,2.504
CC(C)(O)C#N,-0.467
OCC(F)(F)F,1.8530000000000002
CC(C)(C)OO,0.738
C=C[Si](Cl)(Cl)Cl,1.819
CC(=O)C(C)(C)C,1.4980000000000002
CC(C)(C)C(=O)O,-0.301
ClC(Cl)C(Cl)(Cl)Cl,0.544
O=C(O)C(Cl)(Cl)Cl,-1.222
O=C(O)C(F)(F)F,2.041
O=[N+]([O-])C(Cl)(Cl)Cl,1.3769999999999998
FC(F)(Cl)C(Cl)(Cl)Cl,1.778
FC(Cl)(Cl)C(F)(Cl)Cl,1.703
FC(F)(Cl)C(F)(Cl)Cl,2.56
FC(F)(Cl)C(F)(F)Cl,3.303
FC(F)(F)C(F)(F)Cl,3.8360000000000003
FC(F)(F)C(F)(F)F,4.4
CC12CCC(CC1=O)C2(C)C,-0.187
OCC(F)(F)C(F)F,1.167
ClC1=C(Cl)C2(Cl)C3C(Cl)C=CC3C1(Cl)C2(Cl)Cl,-3.398
CC(=O)OC1CC2CCC1(C)C2(C)C,-0.642
C1=CC2C3C=CC(C3)C2C1,0.36
CCC(C)(O)CC,0.745
COC(C)(C)OC,2.009
CCOP(=O)(C#N)N(C)C,-1.155
O=C(O)CC(O)(CC(=O)O)C(=O)O,-7.78
CCC(CO)(CO)CO,-4.348
C=C[Si](OCC)(OCC)OCC,0.358
CCO[Si](OCC)(OCC)OCC,0.27399999999999997
O=[N+]([O-])OCC(CO[N+](=O)[O-])(CO[N+](=O)[O-])CO[N+](=O)[O-],-8.264
CCOP(=O)(CC)OCC,-1.14
CC1=CC(=O)CC(C)(C)C1,-0.359
CCO[Si](C)(C)OCC,1.301
CC(C)(C#N)N=NC(C)(C)C#N,-2.174
C=CC(C)(O)CCC=C(C)C,-0.7959999999999999
CC(Br)CBr,0.894
CCC(C)Br,1.756
CCC(C)C,2.838
CC(C)CN,2.14
CC(C)C#N,1.515
CC(C)CO,1.021
CC(C)C=O,2.238
C=C(C)C=O,2.19
CC(Cl)CCl,1.7269999999999999
C=C(Cl)CCl,1.787
CC(N)CN,1.025
CCC(C)O,1.262
ClCC(Cl)Cl,1.3619999999999999
ClC=C(Cl)Cl,1.839
O=CC(Cl)Cl,1.744
O=C(Cl)CCl,1.401
CCC(N)=O,-1.423
C=CC(N)=O,-2.155
O=C(O)CBr,-0.924
CCC(=O)O,0.5479999999999999
C=CC(=O)O,0.599
O=C(O)CCl,-1.187
COC(C)=O,2.334
CC(=O)OO,1.161
CC[N+](=O)[O-],1.318
BrC(Br)C(Br)Br,-1.699
CC(C)C(C)C,2.371
CC(C)C(=O)O,0.258
ClC(Cl)C(Cl)Cl,0.665
O=C(Cl)C(Cl)Cl,1.3619999999999999
FC(F)=C(F)Cl,3.662
C=C(C)C(N)=O,-1.071
C=C(C)C(=O)O,-0.004
O=C(O)C(Cl)Cl,-0.747
CN(C)C(=O)Cl,0.29
CC(C)[N+](=O)[O-],1.236
C=C1C2CCC(C2)C1(C)C,0.4
CC(C)(OO)c1ccccc1,-2.485
CCC(C)(C)c1ccc(O)cc1,-2.699
CC1=CCC2CC1C2(C)C,0.677
CC=C(C)C(=O)O,-0.8759999999999999
O=c1c2ccccc2c(=O)c2c1ccc1[nH]c3c(ccc4c(=O)c5ccccc5c(=O)c43)[nH]c12,-17.699
O=C1c2ccccc2C(=O)c2c1cccc2[N+](=O)[O-],-8.398
CNc1cccc2c1C(=O)c1ccccc1C2=O,-8.155
COc1cccc2c1C(=O)c1ccccc1C2=O,-6.559
Nc1cccc2c1C(=O)c1ccccc1C2=O,-8.301
c1cc2c3c(cccc3c1)CC2,-2.668
Cc1c[nH]c2ccccc12,-2.256
Cc1cccc([N+](=O)[O-])c1C,-0.445
O=C(OC1CCCCC1)c1ccccc1C(=O)OC1CCCCC1,-6.061
CCCCOC(=O)c1ccccc1C(=O)OC1CCCCC1,-5.321000000000001
O=C1c2ccccc2C(=O)c2ccccc21,-6.936
CCOC(=O)c1ccccc1C(=O)OCC,-2.678
CCCCOC(=O)c1ccccc1C(=O)OCCCC,-4.697
CCCCCCOC(=O)c1ccccc1C(=O)OCCCCCC,-4.854
c1ccc2c(c1)ccc1ncccc12,-4.252
CCCCOC(=O)c1ccccc1C(=O)OCc1ccccc1,-5.084
O=C(O)c1cccc2ccccc12,-5.053999999999999
O=[N+]([O-])c1cccc2ccccc12,-3.319
c1ccc2c(c1)Cc1ccccc1-2,-3.222
c1ccc2c(c1)[nH]c1ccccc12,-6.125
O=C1OCc2ccccc21,-2.699
Cc1cccc(N)c1C,-1.125
Clc1cccc(Cl)c1Cl,-0.6779999999999999
Cc1cccc(C)c1N,-0.8859999999999999
Oc1c(Cl)cccc1Cl,-1.4809999999999999
Oc1cccc(O)c1O,-3.32
Cc1c(C)c(C)c(C)c(C)c1C,-3.0660000000000003
Oc1c(Cl)c(Cl)c(Cl)c(Cl)c1Cl,-3.9589999999999996
Oc1c(Cl)cc(Cl)cc1Cl,-2.097
CCC(CC)C(=O)O,-0.726
FC(F)(F)c1ccccc1Cl,0.706
CC(C)(C)c1ccccc1O,-1.046
Cc1ccccc1[N+](=O)[O-],-0.726
O=[N+]([O-])c1ccccc1Cl,-1.74
O=[N+]([O-])c1ccccc1O,-0.9470000000000001
O=[N+]([O-])c1cc([N+](=O)[O-])c(O)c([N+](=O)[O-])c1,-6.125
O=C(O)c1ccccc1C(=O)O,-6.197
CC1CCC(C(C)C)C(O)C1,-0.9590000000000001
CC(C)=C1CCC(C)CC1=O,-0.91
Cc1ccc(C(C)C)c(O)c1,-2.658
Cc1ccc([N+](=O)[O-])c(C)c1,-1.242
CCc1ccccc1O,-0.815
COc1ccccc1N,-1.097
COc1ccccc1O,-0.987
Cc1cccc2ccccc12,-1.1740000000000002
Clc1cccc2ccccc12,-1.538
Oc1cccc2ccccc12,-3.562
Oc1ccccc1-c1ccccc1,-2.699
Cc1c(N=C=O)cccc1N=C=O,-1.68
COc1ccccc1OC,-0.32799999999999996
C1CCC2CCCCC2C1,0.36200000000000004
c1ccc2ccccc2c1,-1.071
c1ccc2ncccc2c1,-1.222
COc1ccccc1[N+](=O)[O-],-2.444
COc1ccc(C(=O)O)c(OC)c1,-2.4530000000000003
Cc1ccc2ccccc2c1,-1.26
Clc1ccc2ccccc2c1,-1.9140000000000001
Nc1ccc2ccccc2c1,-3.592
Cc1ccc2ncccc2c1,-2.193
Cc1ccc2ccccc2n1,-2.024
O=c1ccc2ccccc2o1,-3.009
CCN(CC)c1ccccc1,-0.866
c1ccc(-c2cccc(-c3ccccc3)c2)cc1,-4.757
c1ccc2cc3cc4ccccc4cc3cc2c1,-8.604
C1CCC(C2CCCCC2)CC1,-0.9670000000000001
c1ccc(-c2ccccc2)cc1,-2.049
c1ccc(N2CCNCC2)cc1,-2.2640000000000002
c1ccc(-c2ccc(-c3ccccc3)cc2)cc1,-7.0
COc1ccc(C(=O)O)cc1OC,-3.6069999999999998
CC(=O)c1ccc2ccccc2c1,-3.214
O=C(O)c1ccc2ccccc2c1,-5.178
C=CCc1ccc(OC)c(OC)c1,-1.921
C=CCc1ccc(OC(C)=O)c(OC)c1,-2.496
BrCC(Br)c1ccccc1,-1.975
CC(C=O)c1ccccc1,-0.569
CCC(=O)c1ccccc1,-0.77
COC(=O)c1ccccc1,-0.42
CCCCOC(=O)COc1cc(Cl)c(Cl)cc1Cl,-4.824
CCOC(=O)c1ccccc1,-0.573
O=C(OC(=O)c1ccccc1)c1ccccc1,-3.928
CCOC(=O)CC(=O)c1ccccc1,-3.389
CC(C)CCOC(=O)c1ccccc1,-0.848
Cc1cc(Cl)ccc1OCC(=O)O,-5.229
CCCCOC(=O)COc1ccc(Cl)cc1Cl,-4.21
ClCc1ccc(Cl)cc1Cl,-1.485
C1=Cc2ccccc2C1,0.040999999999999995
c1ccc2sccc2c1,-0.623
Cc1ccccc1Br,0.017
Cc1ccccc1O,-0.524
Cc1ccccc1Cl,0.535
Cc1ccccc1N,-0.585
Nc1ccccc1N,-2.6860000000000004
Cc1ccc(O)cc1C,-1.449
Cc1ccc(N)c(C)c1,-0.8759999999999999
Cc1ccc(Cl)cc1Cl,-0.33899999999999997
Cc1ccc(Cl)c(Cl)c1,-0.502
Nc1ccc(Cl)c(Cl)c1,-2.199
Cc1ccc(N)cc1N,-3.77
Cc1ccc(C)c(O)c1,-0.807
CCOC(=O)C(=O)OCC,-0.38299999999999995
Clc1cc(Cl)c(Cl)cc1Cl,-2.2680000000000002
Oc1cc(Cl)c(Cl)cc1Cl,-2.125
OCC(Br)CBr,-1.037
CCC(C)CC,2.279
ClCC(Cl)CCl,0.5670000000000001
C=CC(=O)OC,1.9380000000000002
COC(=O)CCl,0.883
CC1CCCC1,2.14
OC1CCCC1,0.396
Clc1cccs1,1.3769999999999998
CC1CCCO1,1.9880000000000002
O=C1CCCO1,-0.34700000000000003
O=C1OCCO1,-2.009
Cn1cccc1,1.33
CC(OP(C)(=O)F)C(C)(C)C,-0.39799999999999996
CCc1ccc(O)c(C(C)(C)C)c1,-1.745
CCOP(=S)(OCC)Oc1ccc(Cl)cc1Cl,-3.252
C=CCc1ccc(O)c(OC)c1,-1.646
CC=Cc1ccc(O)c(OC)c1,-1.921
Cc1cc(N=Nc2ccccc2C)ccc1N,-6.125
CCOC(=O)C(C)C,1.405
C=C(C)C(=O)OCC,1.314
CCOC(=O)C(C)O,0.574
CC(C)COC(=O)C(C)C,0.636
C=C(C)C(=O)OCC(C)C,0.56
C=C(C)C(=O)OCCCC,0.326
OCC1CCCO1,-0.096
O=Cc1ccco1,0.344
CC(C)(C)c1ccccc1,0.342
ClC(Cl)(Cl)c1ccccc1,-0.38299999999999995
Cl[Si](Cl)(Cl)c1ccccc1,-0.371
Cc1cc(C(C)(C)C)ccc1O,-1.55
O=[N+]([O-])c1cccc(C(F)(F)F)c1,-0.5870000000000001
CC(C)(C)c1ccc(O)cc1,-1.419
FC(F)(F)c1ccc(Cl)cc1,0.883
C=C(C)c1ccccc1,0.27899999999999997
CC(=O)c1ccccc1,-0.401
ClC(Cl)c1ccccc1,-0.32799999999999996
O=C(Cl)c1ccccc1,-0.155
Cc1cccc(C(=O)O)c1,-3.627
Cc1cccc([N+](=O)[O-])c1,-0.688
Nc1cccc([N+](=O)[O-])c1,-4.02
O=[N+]([O-])c1cc([N+](=O)[O-])cc([N+](=O)[O-])c1,-5.191
O=C(CCl)c1cccc([N+](=O)[O-])c1,-5.06
Cc1ccc([N+](=O)[O-])cc1C,-2.445
O=[N+]([O-])c1ccc(Cl)c(Cl)c1,-1.9869999999999999
O=Cc1cccc([N+](=O)[O-])c1,-2.14
CC(C)c1cccc(C(C)C)c1,-0.406
O=[N+]([O-])c1cccc([N+](=O)[O-])c1,-3.0460000000000003
CCC(C)c1ccc(O)cc1,-1.429
CC1CCC(C(C)C)CC1,0.43
CC1=CCC(C(C)C)C=C1,0.146
Cc1ccc(C(C)C)cc1,0.16399999999999998
CC(C)c1ccc(N)cc1,-1.078
Cc1ccc(C(=O)O)cc1,-4.294
Cc1ccc(N(C)C)cc1,-0.75
Cc1ccc([N+](=O)[O-])cc1,-1.804
O=[N+]([O-])c1ccc(Cl)cc1,-1.66
COc1ccc(C(C)=O)cc1,-2.191
CN(C)c1ccc(C=O)cc1,-2.434
CCN(CC)CCO,0.146
BrCc1ccccc1,-0.34700000000000003
C=CC1CC=CCC1,1.196
C=Cc1ccccc1,0.8059999999999999
C=Cc1ccncc1,0.23
ClCc1ccccc1,0.09
N#Cc1ccccc1,-0.115
OCc1ccccc1,-1.0270000000000001
CNc1ccccc1,-0.344
NNc1ccccc1,-1.585
COc1ccccc1,0.5489999999999999
C1CN2CCC1CC2,0.281
CC1(C)OCC(CO)O1,2.029
C=Cc1cccc(C)c1,0.23
C1N2CN3CN1CN(C2)C3,-2.398
O=C(Nc1cccc(Cl)c1)OCC#CCCl,-6.42
CC(C=O)=Cc1ccccc1,-1.824
CN(C)C(=O)Nc1ccccc1,-4.426
Nc1ccc(Nc2ccccc2)cc1,-4.917
O=C=Nc1ccc(Cc2ccc(N=C=O)cc2)cc1,-5.301
C1CCC(NC2CCCCC2)CC1,-1.4709999999999999
c1ccc(Oc2ccccc2)cc1,-1.6480000000000001
CC(=O)CC(=O)Nc1ccccc1,-4.28
O=C(Nc1ccccc1)Nc1ccccc1,-5.122999999999999
O=C(Oc1ccccc1)Oc1ccccc1,-3.824
CC(=O)OCC(COC(C)=O)OC(C)=O,-2.6060000000000003
c1ccc2sc(SN3CCOCC3)nc2c1,-5.476
CCCCN(CCCC)CCCC,-1.03
CC(O)CNC1CCCCC1,-1.801
CCCCC(CC)COC(C)=O,-0.638
COC(=O)C=Cc1ccccc1,-1.462
c1ccc(CCc2ccccc2)cc1,-2.138
C(=Cc1ccccc1)c1ccccc1,-3.055
c1ccc(N=Nc2ccccc2)cc1,-3.4419999999999997
O=C(C=Cc1ccccc1)OCc1ccccc1,-5.0
c1ccc(CNCc2ccccc2)cc1,-3.102
c1ccc(COCc2ccccc2)cc1,-2.987
CCCc1ccccc1,0.534
O=CNc1ccccc1,-2.447
S=C=Nc1ccccc1,0.17600000000000002
CCOc1ccccc1,0.185
O=C(O)Cc1ccccc1,-2.42
CC(=O)Nc1ccccc1,-3.699
O=C=Nc1ccc(Cl)cc1,-0.7120000000000001
CCCCCCCCCc1ccc(O)cc1,-3.0869999999999997
CCCCc1ccccc1,0.025
OCC=Cc1ccccc1,-1.62
CCCCCCCCCCc1ccccc1,-2.8930000000000002
CCCCC(CC)CN,0.146
CCCCC(CC)CO,-0.866
Cc1ccc(CCl)cc1,-0.527
Cc1ccc(C#N)cc1,-0.504
Cc1ccc(C=O)cc1,-0.602
CCc1ccc(C)nc1,0.155
COc1ccc(Br)cc1,-0.693
CCc1ccc(CC)cc1,0.025
CCCC(C)CO,0.28300000000000003
COC(=O)CC#N,-0.86
CCOC(=O)CC,1.555
COC(=O)CC(C)=O,-0.05
CC(C)OC(=O)CCl,0.613
CCOC(=O)CC(=O)OCC,-0.57
CCOC(=O)CC#N,-1.411
CCOC(C)OCC,1.4409999999999998
CCOC(=O)OCC,1.033
CN(CCO)CCO,-3.699
O=C1CCCCCN1,-2.7960000000000003
CCCOC(=O)CCC,0.775
CCCCOC(=O)C=CC(=O)OCCCC,-3.2060000000000004
CC(=O)OCC=C(C)CCC=C(C)C,-1.4809999999999999
CC(C)=CCCC(C)CCO,-1.3559999999999999
CC(C)=CCCC(C)=CCO,-1.5230000000000001
CC(C)=CCCC(C)=CCO,-1.5230000000000001
CCCCCCC(=O)OCC,-0.16699999999999998
CCCC(=O)OC(=O)CCC,-0.5479999999999999
CCCOC(=O)CC,1.143
Brc1ccc(Br)cc1,-1.24
Cc1ccc(Br)cc1,0.061
Oc1ccc(Br)cc1,-1.932
Cc1ccc(C)cc1,0.946
Cc1ccc(Cl)cc1,0.43
Cc1ccc(O)cc1,-0.9590000000000001
Cc1ccc(S)cc1,-0.19
Oc1ccc(Cl)cc1,-1.051
O=C1C=CC(=O)C=C1,-1.046
CC1CNC(C)CN1,0.423
C=CC(=O)OCC(C)C,0.907
COC(=O)CCC(=O)OC,-0.387
CCC(CO)CC(C)C,-0.625
CCCCCC(=O)OC,0.5710000000000001
O=C(Cl)OCCOCCOC(=O)Cl,-2.83
CCC1CO1,2.255
ClCC1CO1,1.215
BrCCBr,1.0490000000000002
CCCC,3.26
C#CCC,3.1489999999999996
ClCCBr,1.52
C=CCCl,2.5660000000000003
ClCCCl,1.8969999999999998
CCCI,1.6340000000000001
CCCN,2.491
C=CCN,2.384
CCC#N,1.676
C=CC#N,2.037
NCCN,1.079
C=CCO,1.4169999999999998
C#CCO,1.193
O=CCCl,1.808
OCCO,-1.036
O=CC=O,2.407
C=CC[Si](Cl)(Cl)Cl,1.246
C=C(C)CC(C)(C)C,1.65
CC(O)CC(C)(C)O,-1.886
CC(C)OP(C)(=O)F,0.456
C[Si](C)(C)O[Si](C)(C)C,1.624
CCOP(=O)(OCC)OP(=O)(OCC)OCC,-3.585
C[Si]1(C)O[Si](C)(C)O[Si](C)(C)O[Si](C)(C)O[Si](C)(C)O[Si](C)(C)O[Si](C)(C)O1,-1.9509999999999998
C[Si](C)(C)O[Si](C)(C)O[Si](C)(C)C,0.524
C[Si](C)(C)O[Si](C)(C)O[Si](C)(C)O[Si](C)(C)O[Si](C)(C)O[Si](C)(C)C,-1.5319999999999998
CCCC(C)Br,1.328
CC(C)CCBr,1.5390000000000001
CCCC(C)C,2.324
CCCC(C)=O,1.5490000000000002
CCCC(=O)O,0.217
CC=CC(=O)O,-0.595
O=C(O)CCS,-1.3030000000000002
COCC(C)O,1.097
CCC[N+](=O)[O-],1.004
CC(C)CC(C)C,1.9
CC(=O)CC(C)C,1.2990000000000002
CC(C)CC(C)O,0.7240000000000001
CC(C)OC(C)C,2.173
CC(C)OC(=O)Cl,1.568
CC(=O)OC(C)=O,0.708
CC1CCC(=O)O1,-0.413
O=C1CCC(=O)O1,-2.824
O=C1C=CC(=O)O1,-0.602
CC1COC(=O)O1,-1.347
Brc1cccc(Br)c1,-0.57
Cc1cccc(S)c1,-0.257
Cc1cccc(Cl)c1,0.5660000000000001
Nc1cccc(Cl)c1,-1.18
Oc1cccc(Cl)c1,-0.903
Cc1cccc(N)c1,-0.519
Nc1cccc(N)c1,-2.68
Oc1cccc(O)c1,-3.3110000000000004
Cc1ccnc(C)c1,0.501
Cc1cccc(C)n1,0.752
O=C1CCCC(=O)O1,-2.523
COC(=O)CC(=O)OC,-0.046
CCOC(=O)CC(C)C,0.919
COCC(C)OC(C)=O,0.593
Cc1cc(C)cc(C)c1,0.39399999999999996
Cc1cc(C)cc(O)c1,-1.393
Clc1cc(Cl)cc(Cl)c1,-0.62
Cc1cc(C)nc(C)c1,0.299
CC(C)CC(O)CC(C)C,-0.519
CC(C)CC(=O)CC(C)C,0.217
CC1CCCCC1,1.663
Cc1ccccc1,1.453
Cc1ccncc1,0.7609999999999999
Clc1ccccc1,1.079
NC1CCCCC1,1.004
OC1CCCCC1,-0.09699999999999999
Oc1ccccc1,-0.456
Sc1ccccc1,0.28600000000000003
Brc1ccccn1,-0.114
CC1CCCCN1,1.286
Cc1ccccn1,1.0490000000000002
Cc1cnccn1,0.9059999999999999
Clc1ccccn1,0.33799999999999997
CCCCOC(=O)CCC,0.258
CCCCOC(=O)CCCCCCCCC(=O)OCCCC,-5.329
C=CCCC(C)=O,1.021
CCCCC(=O)O,-0.708
CCCOC(C)=O,1.555
CCCOC(=O)Cl,1.301
CCCCBr,1.6230000000000002
CCCCC,2.7110000000000003
C=CCCC,2.803
CC=CCC,2.7230000000000003
CCCCN,1.9680000000000002
CCCC#N,1.29
N#CCC#N,-0.6990000000000001
N#CCCO,-1.0959999999999999
CCCCS,1.6580000000000001
CNCCO,0.033
COCCO,0.978
CCNCC,2.375
C=COCC,2.708
CCOC=O,2.3890000000000002
c1cc[nH]c1,0.922
C1CCOC1,2.21
c1ccoc1,2.778
C1CCSC1,1.265
c1ccsc1,1.901
CC(=O)CCC(C)C,0.7609999999999999
O=C(O)CCC(=O)O,-6.718999999999999
O=C(O)C=CC(=O)O,-4.445
O=C(O)C=CC(=O)O,-3.812
CCCCCCCCCCCCCC(=O)OC(C)C,-4.029
CCCCCCOC(=O)CCCCC(=O)OCCCCCC,-5.541
CCOC(=O)CCCCCCCCC(=O)OCC,-3.2939999999999996
CCCCCCCCCC(=O)OC,-1.432
CCCCCC(C)=O,0.5870000000000001
CC(C)CCOC=O,1.185
BrCCCCBr,-0.21
CCCCCBr,1.1
CCCCCC,2.1790000000000003
ClCCCCCl,0.616
CCCCCN,1.4769999999999999
CCCCC#N,0.863
N#CCCC#N,-2.109
OCCCCO,-1.979
OCC#CCO,-3.255
CCCCCS,1.14
CCOCCO,0.725
CCSSCC,0.631
C1=CCCCC1,1.949
c1ccncc1,1.318
C1OCOCO1,1.2429999999999999
C1CCNCC1,1.507
C1COCCN1,1.004
O=C(O)CCCC(=O)O,-5.541
CC(C)CNCC(C)C,0.862
CC(O)CNCC(C)O,-3.903
CCCCCCC(=O)O,-1.9709999999999999
CCOCCOC(C)=O,0.369
O=C(O)CCCCCC(=O)O,-7.046
O=C(O)CCCCCCCCC(=O)O,-7.256
CCCCCCN,0.9540000000000001
CCCCCCO,-0.032
CCCCCCS,0.623
C=COCCCC,1.6909999999999998
CCCCN=C=O,1.246
NCCNCCN,-0.635
OCCNCCO,-3.553
CCCOCCC,1.796
ClCCOCCCl,0.19
OCCOCCO,-2.244
OCCSCCO,-2.491
C1CCCNCC1,0.9079999999999999
CCCCCCCCCCCCCCCCCC(=O)OCC,-5.587000000000001
CCCCCCCN,0.43799999999999994
CCCCCCCO,-0.6659999999999999
CCCCCCC=O,0.547
CCCCOCCO,-0.055999999999999994
COCCOCCO,-0.602
C1=CCCC=CCC1,0.695
CCCCCCCCCCCC(=O)OC,-2.386
CCCCCCCCBr,-0.418
CCCCCCCCN,-0.013999999999999999
CCCCCCCCO,-1.1
CCOCCOCCO,-0.9
ClCCOCOCCCl,-0.879
CCCCNCCCC,0.413
COCCOCCOC,0.47100000000000003
CCCCCCCCC(=O)O,-2.783
CCCCCCCCCCCCCCCCCC(=O)OC(C)C,-4.401
CCCCCCCCCC(C)=O,-1.383
CCCCCCCCCN,-0.556
NCCNCCNCCN,-3.385
CCCCCCOCCO,-0.81
OCCOCCOCCO,-2.8789999999999996
CCCCCCCCCCBr,-1.3980000000000001
CCOCCOCCOCC,-0.28300000000000003
CCCCCCCCCCC(=O)O,-2.419
C=CCCCCCCCCC(=O)O,-3.028
CCCCCCCCCCCCCCCC(=O)OC,-4.328
CCCCCCCCCCCC,-0.87
C=CCCCCCCCCCC,-0.799
CCCCCCCCCCCO,-2.5269999999999997
COCCOCCOCCOC,-1.395
CCOCCOCCOCCO,-2.0
CCCCCSSCCCCC,-2.197
CCCCCCCCCCCCCl,-2.201
CCCCCCCCCCCCO,-3.072
CCCCCCCCCCCC=O,-1.815
CCCCCCCCCCCCS,-2.069
CCCCCCOCCCCCC,-1.3359999999999999
CCCCCCCCCCCCCCCCCC(=O)OC,-4.8660000000000005
CCCCCC=CCC=CCCCCCCCC(=O)OC,-5.435
CCCCCCCCCCCCCCBr,-3.3480000000000003
CCCCCCCCCCCCCCO,-3.9589999999999996
CCCCCCCCC=CCCCCCCCC(=O)O,-5.854
CCCCCCCCCCCCCCCCBr,-4.314
C=CCCCCCCCCCCCCCCCC,-4.171
CCCCCCCCCCCCCCCCCCBr,-5.226
CCCCCCCCCCCCCCCCCCO,-5.569
CCCCCCCCCCCCCCCCCCCC,-5.335
C=CC,3.9389999999999996
COC,3.648
C=C(C)C,3.364
O=CC(Br)(Br)Br,0.182
C#CC(C)(C)O,1.204
CC[Si](Cl)(Cl)Cl,1.6740000000000002
FC1(F)C(F)(F)C(F)(F)C1(F)F,3.3710000000000004
O=S1OCC2C(CO1)C1(Cl)C(Cl)=C(Cl)C2(Cl)C1(Cl)Cl,-6.7620000000000005
OC(c1ccc(Cl)cc1)(c1ccc(Cl)cc1)C(Cl)(Cl)Cl,-6.4
CCCCC(CC)(CO)CO,-4.0
CNC(=O)ON=CC(C)(C)SC,-4.46
C=C(C)OC,2.713
FC(F)=C(F)C(F)(F)F,3.69
COC(=O)C(Cl)Cl,0.653
Nc1ccc2c(c1)C(=O)c1ccccc1C2=O,-10.300999999999998
O=C1C(Cl)=C(Cl)C(=O)c2ccccc21,-5.959
CCCCC(CC)COC(=O)c1ccccc1C(=O)OCC(CC)CCCC,-6.848
CCCCCCCCOC(=O)c1ccccc1C(=O)OCCCCCCCC,-7.0
Clc1c(Cl)c(Cl)c(Cl)c(Cl)c1Cl,-4.745
O=C(O)c1ccccc1Cl,-3.18
O=[N+]([O-])c1ccc(Nc2ccc(O)cc2)c([N+](=O)[O-])c1,-11.398
COC(=O)c1ccccc1O,-1.465
O=C(c1ccccc1)C(O)c1ccccc1,-5.6579999999999995
O=C(c1ccccc1)c1ccccc1,-2.714
c1ccc2c(c1)CCCC2,-0.434
c1ccc2cnccc2c1,-1.155
O=[N+]([O-])c1ccccc1Nc1ccccc1,-5.0
c1ccc2cc3ccccc3cc2c1,-5.185
Oc1ccc(Cl)cc1Cc1ccccc1,-5.854
O=C(OCc1ccccc1)c1ccccc1,-3.65
O=Cc1ccc2c(c1)OCO2,-2.0
COC(=O)c1ccc(C(=O)OC)cc1,-2.0
OCCOc1ccc(Cl)cc1Cl,-3.701
c1ccc2[nH]ccc2c1,-1.9140000000000001
Cc1nc2ccccc2s1,-1.524
Oc1ccccc1O,-2.437
Clc1ccc(Cl)c(Cl)c1,-0.337
Oc1ccc(Cl)cc1Cl,-1.046
CN1CCCC1,2.0
C=CC=CCC1=C(C)C(OC(=O)C2C(C=C(C)C(=O)OC)C2(C)C)CC1=O,-6.4
CCN(CC)CC,1.757
CN(C)c1ccccc1,-0.155
CCOC(=O)CC(SP(=S)(OC)OC)C(=O)OCC,-5.471
CCNc1nc(Cl)nc(NCC)n1,-7.656000000000001
CC(C)OC(=O)Nc1ccccc1,-3.8539999999999996
CCOC(OCC)OCC,0.5870000000000001
CC(=O)C=Cc1ccccc1,-1.9069999999999998
c1ccc(OCC2CO2)cc1,-2.0
c1ccc(NNc2ccccc2)cc1,-3.361
O=CCc1ccccc1,-0.40700000000000003
CC(=O)Oc1ccccc1,-0.4
OCCCc1ccccc1,-1.7009999999999998
OCCNc1ccccc1,-2.656
OCCOc1ccccc1,-2.155
CCCCCCCCCCCCc1ccccc1,-4.292
CCCCCCCCCCCCCc1ccccc1,-4.896
CCc1ccc(O)cc1,-1.429
CCCC(=O)CCC,0.787
CCOC(=O)CCC(=O)OCC,-1.358
Nc1ccc(O)cc1,-4.398
Oc1ccc(O)cc1,-4.62
C=CC(=C)CCC=C(C)C,0.303
CCC=O,2.501
CNC=O,-0.597
CC(C)CCO,0.375
O=C1CCC(=O)N1,-4.125
CCC(=O)OC(=O)CC,0.134
CC1OC(C)OC(C)O1,1.041
CCCC=O,2.045
CC=CC=O,1.4769999999999999
C1CCNC1,1.797
CC(=O)CCC(=O)O,-2.951
C1COCCO1,1.581
CC(=O)OCCC(C)C,0.748
CCCCCCC(C)O,-0.616
O=C(O)CCCCCCCC(=O)O,-7.971
C=CCNCC=C,1.305
O=C(O)CCCCC(=O)O,-6.497999999999999
O=C(Cl)OCCOC(=O)Cl,-1.666
CCCCCCCC(=O)O,-2.431
CCCCCCCCCCCCCC(=O)OC,-3.31
CCCCCCCC#N,-0.409
CCCCCCCC=O,0.07200000000000001
CCCCCCCCCC,0.155
O=C=O,4.684
CNC,3.182
FC(F)(Br)C(F)(F)Br,2.512
CCCCOP(=O)(OCCCC)OCCCC,-2.947
C=CC(=C)Cl,2.334
CC(=O)C(=O)O,0.111
ClC(Cl)=C(Cl)Cl,1.2670000000000001
CC(=O)N(C)C,0.301
CC(=O)C=CC1C(C)=CCCC1(C)C,-1.7619999999999998
C=C1CCC2CC1C2(C)C,0.467
Cc1cc(C(C)(C)C)c(O)c(C(C)(C)C)c1,-2.287
c1cc2ccc3cccc4ccc(c1)c2c34,-5.347
O=C1c2ccccc2C(=O)c2c(O)cccc21,-6.68
COC(=O)c1ccccc1C(=O)OC,-2.511
CCCOC(=O)c1ccccc1C(=O)OCCC,-3.8789999999999996
c1ccc2c(c1)oc1ccccc12,-2.6060000000000003
c1ccc2c(c1)sc1ccccc12,-3.688
O=C1C2CC=CCC2C(=O)N1SC(Cl)(Cl)Cl,-7.046
O=C1c2ccccc2C(=O)N1SC(Cl)(Cl)Cl,-6.803999999999999
COC(=O)c1ccccc1N,-1.567
Nc1cccc2ccccc12,-2.379
CCN(CC)C(=O)c1cccc(C)c1,-2.699
O=C(C(=O)c1ccccc1)c1ccccc1,-3.6839999999999997
CCc1ccccc1CC,0.021
Oc1ccc2ccccc2c1,-3.495
CCC(C)c1ccccc1,0.243
c1ccc(N=NNc2ccccc2)cc1,-4.718999999999999
CCCCOC(=O)c1ccccc1,-2.0
Cc1ccccc1S,-0.192
Cc1cc(C)c(N)cc1C,-2.046
CCC(C)CO,0.494
C=C(C)C1CC=C(C)CC1,0.19
CC(C)Nc1nc(Cl)nc(NC(C)C)n1,-6.882999999999999
c1ccc(Sc2ccccc2)cc1,-2.123
N#CCc1ccccc1,-1.0490000000000002
CC(C)(C)CC(C)(C)c1ccc(O)cc1,-3.321
C=Cc1ccc(C)nc1,0.07200000000000001
CCOC(=O)C=CC(=O)OCC,-0.9790000000000001
C=CC(=O)OCCCC,0.736
NCCO,-0.39399999999999996
CC(C)(C)CC(C)(C)S,0.716
C[Si](C)(C)O[Si](C)(C)O[Si](C)(C)O[Si](C)(C)C,-0.426
C[Si](C)(C)O[Si](C)(C)O[Si](C)(C)O[Si](C)(C)O[Si](C)(C)C,-0.991
COP(=O)(OC)OC(C)=CC(=O)N(C)C,-3.7960000000000003
CCOC(C)=O,1.969
CC(=O)C=C(C)C,0.914
O=C(O)CC(=O)O,-2.824
CCc1cccc(CC)c1,0.053
CCOC(=O)CC(C)=O,-0.10800000000000001
ClCCCCl,1.26
CCCCCC(=O)O,-1.3619999999999999
CCCCCCC,1.663
CCCCCCCCCCCCCCCC(=O)OC(C)C,-4.253
CCCCCCOC(C)=O,0.121
CCCCOCCCC,0.779
CCCCCCCCCCCC(=O)O,-4.796
CCCCCCCCCO,-1.6440000000000001
CCCCCCCCCCS,-1.435
CCCCCCCCCCCCBr,-2.406
CCCCCCCCCCCCCCCCN,-3.8760000000000003
O=C1C2(Cl)C3(Cl)C4(Cl)C(Cl)(Cl)C5(Cl)C3(Cl)C1(Cl)C5(Cl)C24Cl,-6.648
CC(C)C(O)C(C)(C)CO,-2.347
Oc1cccc2cccnc12,-2.78
c1ccc2[nH]c(-c3cscn3)nc2c1,-8.398
C[Si](Cl)(Cl)c1ccccc1,-0.312
COc1cccc(O)c1,-1.7080000000000002
N#CCCN,-0.066
C1CN1,2.3280000000000003
FC(F)(F)C(Cl)Br,2.48
CN(C)P(=O)(OP(=O)(N(C)C)N(C)C)N(C)C,-3.0
ClC=CCl,2.301
ClC=CCl,2.52
NCCCO,-1.113
C1CC[Si]2(C1)O[Si]1(CCCC1)O[Si]1(CCCC1)O[Si]1(CCCC1)O2,-0.607
C1C2CC2C2CC12,1.5730000000000002
c1cc2ccc3ccc4ccc5cccc6c(c1)c2c3c4c56,-10.0
c1cc2cccc3c4cccc5cccc(c(c1)c23)c54,-8.28
c1ccc2c(c1)-c1cccc3c1c-2cc1ccccc13,-6.301
c1ccc2c(c1)-c1cccc3cccc-2c13,-5.035
c1ccc2cc3c(cc2c1)-c1cccc2cccc-3c12,-9.015
C1=Cc2cccc3cccc1c23,-2.175
c1ccc2cc3c4ccccc4c4ccccc4c3cc2c1,-10.0
c1ccc2c(c1)c1ccccc1c1ccccc21,-7.678
c1ccc2c(c1)cnc1ccccc12,-4.6819999999999995
c1ccc2c(c1)ccc1cccnc12,-3.662
c1ccc2c(c1)Cc1c-2ccc2ccccc12,-6.614
c1ccc2c(c1)ccc1c3ccccc3sc21,-6.943
c1ccc2c(c1)Cc1cc3ccccc3cc1-2,-7.26
c1ccc2occc2c1,-0.35700000000000004
C1CC2CCC1CC2,0.524
C1CN2CCN1CC2,-0.13
C1CCC2CC2C1,1.358
C1CCC1,3.072
C1CSC1,1.722
C1CCCC1,2.502
c1cocn1,2.121
c1cscn1,1.236
c1cnccn1,1.033
C1CCCCCC1,1.334
C1CCCCCCC1,0.741
C1CCCCCCCCC1,-0.252
ClC1=C(Cl)C2(Cl)C3C(Cl)OC(Cl)C3C1(Cl)C2(Cl)Cl,-5.535
CCN(CC)C(=O)C(Cl)=C(C)OP(=O)(OC)OC,-4.783
COP(=S)(OC)Oc1ccc([N+](=O)[O-])cc1,-5.456
CCOP(=S)(OCC)SCSCC,-3.195
CCOP(=S)(OCC)SCCSCC,-4.011
CCC=CCC=CCC=CCCCCCCCC(=O)OC,-5.295
OC(O)C(Cl)(Cl)Cl,1.176
FC(F)(F)C(Cl)Cl,2.8560000000000003
ClC1=C(Cl)C2(Cl)C3C4C=CC(C4)C3C1(Cl)C2(Cl)Cl,-3.9210000000000003
CCOP(=O)(OCC)Oc1ccc([N+](=O)[O-])cc1,-5.959
FC(F)(F)C(F)(F)C(F)(F)C(F)(F)N(C(F)(F)C(F)(F)C(F)(F)C(F)(F)F)C(F)(F)C(F)(F)C(F)(F)C(F)(F)F,-0.258
CCC(C)n1c(=O)[nH]c(C)c(Br)c1=O,-6.513
ClC1C(Cl)C(Cl)C(Cl)C(Cl)C1Cl,-4.3469999999999995
FC(F)(F)c1ccc(Cl)cc1Cl,0.045
Fc1cc(F)c(F)cc1F,1.754
CCOP(=S)(CC)Oc1cc(Cl)c(Cl)cc1Cl,-4.824
C[Si](F)(F)c1ccccc1,0.8809999999999999
O=[N+]([O-])c1ccc([N+](=O)[O-])c(O)c1,-3.9139999999999997
CP(=O)(F)OC1CCCCC1,-1.357
CN(C)C(=O)Nc1ccc(Cl)c(Cl)c1,-7.1610000000000005
CON(C)C(=O)Nc1ccc(Cl)c(Cl)c1,-5.845
FC(F)(F)COCC(F)(F)F,2.193
CCOP(=S)(OCC)Oc1cc(C)nc(C(C)C)n1,-4.045
CCCCCCCCCC(=O)O,-3.437
CCCCCCCCCCF,-0.203
CCCCCCCCCCCCF,-0.682
O=[N+]([O-])C(F)(F)F,3.8480000000000003
O=C(O)C(F)(F)C(F)(F)C(F)(F)C(F)(F)C(F)(F)C(F)(F)C(F)(F)F,-0.28
Fc1c(F)c(F)c(Br)c(F)c1F,0.903
Fc1c(F)c(F)c(Cl)c(F)c1F,1.25
FCc1ccccc1,0.8320000000000001
Cc1ccc(F)cc1,1.3219999999999998
CCSCC,1.78
O=C(F)F,4.648
FC(F)(Cl)Br,3.3160000000000003
FC(Cl)C(F)(F)Cl,2.792
O=S(=O)(O)C(F)(F)C(F)(F)F,-0.051
FC(F)(F)C(F)(F)C(F)(F)C(F)(F)F,3.303
FC(F)(F)C(F)(F)C(F)(F)C(F)(F)C(F)(F)C(F)(F)F,2.338
FC1(F)C(F)(F)C(F)(F)C(F)(F)C(F)(F)C1(F)F,2.233
CC[Si](F)(CC)CC,1.5659999999999998
FC(F)=CCl,3.55
FC(=C(F)C(F)(F)F)C(F)(F)F,3.301
Fc1cc(F)c(F)c(F)c1F,1.83
Fc1ccccc1F,1.7280000000000002
Fc1cccc(F)c1,1.9180000000000001
Fc1cc(F)cc(F)c1,2.017
CCCCCCF,1.7619999999999998
CC(O)C(F)(F)F,1.785
FC(F)(F)C(F)(Cl)Cl,3.215
OCC(F)(F)C(F)(F)C(F)(F)F,1.52
O=C(O)C(F)(F)C(F)(F)C(F)(F)C(F)(F)C(F)(F)C(F)(F)F,-0.8759999999999999
Fc1c(F)c(F)c(F)c(F)c1F,1.9269999999999998
Fc1ccccc1C(F)(F)F,1.584
FC(F)C(F)(F)OCC(F)(F)F,2.3280000000000003
O=C(OC(=O)C(F)(F)F)C(F)(F)F,1.615
N#CO,2.91
CC(F)(F)F,3.98
OCC(F)(F)C(F)(F)F,1.6640000000000001
FC(F)(F)C(F)(F)C(Cl)Cl,2.38
CC(=O)CF,1.8019999999999998
CC(=O)C(C)=O,1.754
Fc1c(F)c(F)c(C(F)(F)F)c(F)c1F,1.462
O=[N+]([O-])c1ccc(F)cc1O,-1.64
O=C(Cc1ccccc1)c1ccccc1,-3.735
C[Si](C)(F)c1ccccc1,0.462
C#CC#C,3.1210000000000004
CCCF,3.303
FC(F)CC(F)(F)F,3.053
COCC(F)F,2.477
Fc1ccccc1,1.8880000000000001
CCCCCCC(=O)CCCCCC,-2.175
CCCCCON=O,0.599
CCC=CCC=CCC=CCCCCCCCC(=O)O,-6.268
C=C=C,3.735
CC(C)C(C)(C)C,2.009
CC12CCC(CC1=O)C2(C)C,-1.143
CC(C)C12CCC(C)(CC1)O2,0.28600000000000003
CC12CCC(CC1)C(C)(C)O2,0.27899999999999997
CCOP(=O)(OCC)OC(=CCl)c1ccc(Cl)cc1Cl,-5.125
NC(=O)C(=O)O,-6.332999999999999
Cc1ccc(C)c(C)c1C,-0.442
Cc1ccnc2ccccc12,-2.1959999999999997
OCC1OC(O)C(O)C(O)C1O,-13.095999999999998
C1CCC2CCCCC2C1,-0.105
C1CCC2CCCCC2C1,0.086
Cc1ccc(N)c(N)c1,-3.201
Cc1cc(C)c(O)cc1C,-2.168
C1=CC2CCC1C2,1.5930000000000002
O=C(O)CCc1ccccc1,-2.573
O=C(Cl)OCc1ccccc1,-2.506
C(#Cc1ccccc1)c1ccccc1,-2.642
O=C1CCCCCC1,0.09699999999999999
O=C1CCCCCO1,-0.87
O=C1CCCCCCC1,-0.389
CCCCC(=O)CCCC,-0.258
CC#CC,2.8489999999999998
C1CNC1,2.25
C1COC1,2.511
CC=CC(=O)O,-0.231
CC(C)CC(=O)O,-0.35700000000000004
O=C1CC(=O)NC(=S)N1,-7.699
C=CC=CC,2.6069999999999998
OCCCO,-1.3559999999999999
C1CSCCS1,-0.09699999999999999
O=C(O)CCCCCCC(=O)O,-6.541
CCCCCCCCCCCF,-0.682
CCCCCCCCCCCCCCCCC(=O)O,-7.206
CCCCCCCCCCCCCCCCCCCC(=O)O,-8.742
CC(=O)Br,2.086
CC(=O)I,1.511
CC(C)(C)Br,2.13
CC(C)(C)Cl,2.48
FC(Cl)C(F)(F)C(F)(F)Cl,2.456
CC1(C)C2CCC1(C)C(O)C2,-1.2990000000000002
O=[N+]([O-])C([N+](=O)[O-])([N+](=O)[O-])[N+](=O)[O-],0.925
CCOC(F)(F)C(F)F,2.338
COP(=O)(OC)OC,-0.071
C=C(Br)CBr,0.88
CC(C)CCl,2.176
CC(C)CI,1.196
CCC(C)I,1.2329999999999999
C=C(C)C(=C)C,2.182
CC(O)C(C)O,-0.614
CC(=O)C(Cl)Cl,1.431
CCOC(=O)C(Cl)(Cl)Cl,0.581
c1ccc(C(c2ccccc2)c2ccccc2)cc1,-5.252999999999999
CC(=O)C1C(=O)C=C(C)OC1=O,-2.903
Cc1cccc(C)c1C,0.228
Cc1cccc(O)c1C,-1.051
Cc1cc(C)c(C)c(C)c1,-0.303
Cc1cc(C)c(O)c(C)c1,-1.7590000000000001
Cc1ccccc1C(C)C,0.17600000000000002
O=[N+]([O-])c1ccccc1[N+](=O)[O-],-4.342
Cc1ccccc1C#N,-0.349
C=C(c1ccccc1)c1ccccc1,-1.883
NN(c1ccccc1)c1ccccc1,-3.3089999999999997
CCCCOC(=O)C1=CC(=O)CC(C)(C)O1,-3.523
CCOC(=O)COc1ccc(Cl)cc1Cl,-2.9589999999999996
O=C(CCl)CCl,-0.20199999999999999
Cc1ccco1,2.193
Cc1cc([N+](=O)[O-])cc([N+](=O)[O-])c1O,-3.9210000000000003
CCOC(=O)C(Cl)Cl,0.456
Cc1cccc(C(C)C)c1,0.23600000000000002
C#Cc1ccccc1,0.314
CCc1ccncc1,0.35600000000000004
CCCCCc1ccccc1,-0.358
COCc1ccccc1,0.22
CC(C)Cc1ccccc1,0.28600000000000003
CCOCc1ccccc1,-0.034
CCCCC(=O)OCC,0.6809999999999999
CCOC(=O)CCC(C)=O,-0.682
CCC(=O)OCC(C)C,0.8109999999999999
BrC=CBr,1.4909999999999999
CCCCl,2.5380000000000003
CCOC,3.173
CC(C)CC(C)(C)C,1.693
CC(=O)OC(C)(C)C,1.672
C[Si]1(C)O[Si](C)(C)O[Si](C)(C)O[Si](C)(C)O[Si](C)(C)O[Si](C)(C)O1,-1.6480000000000001
C[Si](C)(C)O[Si](C)(C)O[Si](C)(C)O[Si](C)(C)O[Si](C)(C)O[Si](C)(C)O[Si](C)(C)C,-2.496
C[Si]1(C)O[Si](C)(C)O[Si](C)(C)O[Si](C)(C)O[Si](C)(C)O1,-0.6990000000000001
C[Si]1(C)O[Si](C)(C)O[Si](C)(C)O1,0.5479999999999999
ClC=C[As](Cl)Cl,-0.237
CCCC(Cl)Cl,1.358
CCCC(N)=O,-2.408
CCOC(=O)Cl,1.35
Cc1csc(C)n1,0.706
Clc1cccc(Cl)c1,0.332
O=C(CCl)OC(=O)CCl,-1.429
ClC1CCCCC1,0.828
CC(C)COC=O,1.6030000000000002
CCCCI,1.143
ClC=CCCl,1.531
CCN=C=S,1.057
ClCOCCl,1.4680000000000002
CC(C)COC(=O)Cl,0.922
CC(C)CO[N+](=O)[O-],0.919
CCCCCCl,1.517
CC(C)CCOCCC(C)C,0.146
CC(C)CCSCCC(C)C,-0.496
CCCCCCCl,0.972
N#CCCCC#N,-2.084
C1=CC=CCC=C1,1.371
CCCCSCCCC,0.079
CCCCCCCCCCCCCC(=O)O,-5.854
CCCCCCCCCCCCCCCC,-2.845
CCCCCCCCCCCCCCCCI,-4.783
N#CC(Cl)(Cl)Cl,1.87
COC(=O)C(C)C,1.693
O=C1C=Cc2cccc3cccc1c23,-5.167000000000001
Fc1ccc(F)c(F)c1F,1.695
O=C(O)c1ccc2c(c1)C(=O)OC2=O,-5.006
CN(c1ccccc1)c1ccccc1,-2.5069999999999997
O=Cc1ccccc1[N+](=O)[O-],-1.7469999999999999
COC(=O)C(=O)OC,0.057
CCC(=O)OC,1.9240000000000002
Cc1cccs1,1.396
C=C1C=CC(C(C)C)CC1,0.201
ClCCN(CCCl)CCCl,-1.959
CSC#N,1.083
C[Si]1(C)O[Si](C)(C)O[Si](C)(C)O[Si](C)(C)O1,0.021
C[Si]1(C)O[Si](C)(C)O[Si](C)(C)O[Si](C)(C)O[Si](C)(C)O[Si](C)(C)O[Si](C)(C)O[Si](C)(C)O1,-2.539
C[Si](C)(C)O[Si](C)(C)O[Si](C)(C)O[Si](C)(C)O[Si](C)(C)O[Si](C)(C)O[Si](C)(C)O[Si](C)(C)C,-2.496
C[Si]1(C)O[Si](C)(C)O[Si](C)(C)O[Si](C)(C)O[Si](C)(C)O[Si](C)(C)O[Si](C)(C)O[Si](C)(C)O[Si](C)(C)O1,-4.752
CCCOC(=O)CC(C)C,0.413
CCCOC,2.667
CCCCCCC(C)I,0.13699999999999998
CC(Br)Br,1.4080000000000001
C=C(C)Cl,2.9130000000000003
BrC(Br)(Br)Br,-0.569
C=CC(C)(C)C,2.634
CCC(C)(C)C(C)C,1.431
C=C(C)C(C)(C)CC,1.48
CC(=O)Oc1ccc2c3c1OC1C(OC(C)=O)C=CC4C(C2)N(C)CCC341,-9.12
CCC(C)(C)CC,1.9180000000000001
CCOP(=S)(OCC)SCSP(=S)(OCC)OCC,-5.824
CCCC(C)(C)CC,1.456
C=C(C)CC,2.785
O=[N+]([O-])CBr,0.491
C=C(C)C(C)C,2.401
CC(C)=C(C)C,2.1
CC(=O)C(C)C,1.7180000000000002
CCC(C)C(C)(C)C,1.507
CCC(C)C(C)C,1.838
CCC(C)C(C)=O,1.064
CCC(=O)C(C)C,1.258
CC(C)C(C)C(C)C,1.433
CC(C)=C(C)C(C)C,1.3519999999999999
CC(C)C(=O)C(C)C,1.127
Cc1cccc2cccc(C)c12,-2.32
Cc1cccc2c(C)cccc12,-2.301
Cc1ccc2ccccc2c1C,-1.896
Cc1cc(C)c2ccccc2c1,-1.635
Cc1ccc2c(C)cccc2c1,-1.8359999999999999
Oc1cccc(Cl)c1Cl,-1.237
Cc1cccc(C)c1O,-0.767
CC(C)c1ccccc1C(C)C,-0.441
CCc1ccccc1N,-0.77
CCc1cccc(CC)c1N,-2.417
Nc1ccc2ncccc2c1,-4.788
Nc1cnc2ccccc2c1,-4.539
Cc1cc2ccccc2cc1C,-2.9589999999999996
Cc1ccc2cc(C)ccc2c1,-2.367
Cc1ccc2ccc(C)cc2c1,-2.246
CC1CCCCC1C,1.161
Cc1cccnc1C,0.43
Oc1cc(Cl)ccc1Cl,-1.25
CCC(O)CC,0.943
CCC(O)CO,-1.3
CCCC(C)C(C)C,1.369
CC(C)(C)c1cccc(O)c1,-1.6969999999999998
O=C(O)c1cccc(Br)c1,-4.043
O=[N+]([O-])c1cccc(Br)c1,-1.155
O=C(O)c1ccc(Br)cc1,-5.002
CCc1ccc(N)cc1,-0.845
CCCC(C)CC,1.7890000000000001
CCC(C)CC(C)C,1.483
CCCC(O)CCC,-0.005
CC(C)COC(=O)CC(C)C,0.265
CCCCC(C)CC,1.2919999999999998
CC1CCC(C)CC1,1.253
Cc1ccc(C)nc1,0.526
CCCCCC(O)CC,-0.5920000000000001
CC=CC,3.2039999999999997
C=C=CC,3.1
CC=CCl,2.705
IC=CI,0.053
CCCC(C)(C)C,2.021
CCCC(C)(C)O,0.934
CC1(C)CCCCC1,1.3559999999999999
CCCCC(C)(C)C,1.531
CC1CCCC(C)C1,1.33
Cc1cncc(C)c1,0.24100000000000002
CC1CCCC(O)C1,-0.32
CC1CCCC(=O)C1,0.17600000000000002
Oc1cc(Cl)cc(Cl)c1,-2.075
CC1C=CCCC1,1.54
CC1=CCCCC1,1.486
CCCCC(C)C,1.82
CCCCC(C)=O,1.064
C=C=CCC,2.5660000000000003
CCCCCC(C)C,1.3159999999999998
CCCCOC(=O)Cl,0.816
C=CCCCC,2.265
C=CCCC=C,2.344
CC=CCCC,2.176
CCC=CCC,2.217
C=CC=CCC,2.1109999999999998
CCCCCF,2.265
C1=CCCC=C1,1.9880000000000002
C=CCCCCC,1.7730000000000001
CC=CCCCC,1.685
CCCCOC=O,1.4609999999999999
C=CCSCC=C,0.965
CCCC=CCCC,1.25
CCCCCCCCCCCC(C)=O,-1.983
CCCCCCCCCCCCCCCCCC,-3.467
CF,3.455
FCCl,3.389
CNO,0.223
CC(Cl)Br,1.93
CC1CC1,3.199
CC(C)(Br)CBr,1.29
CC(C)(Cl)CCl,1.449
C=C(C)C(C)(C)C,2.049
CC(C)C(C)(C)O,0.505
CC(C)(O)C(=O)O,-2.0580000000000003
CC(C)(C)[N+](=O)[O-],1.079
CC(C)(C)C(C)(C)C,1.32
CCC(C)(C)C(=O)O,-0.83
CCCS(=O)(=O)CCC,-2.385
C=C=C(C)C,2.6289999999999996
CC1CCC1,3.17
FC(F)=C(F)Br,3.2939999999999996
CC(Cl)C(Cl)Cl,0.491
CC(O)C(=O)O,-1.089
FC(Cl)=C(F)Cl,2.949
CC(C)(c1ccccc1)c1ccc(O)cc1,-4.226
CCOC(=O)C(C)(C)Br,0.41700000000000004
CCC(C)[N+](=O)[O-],0.892
CC(C)C(O)C(C)C,0.47700000000000004
c1ccc(-c2c3ccccc3cc3ccccc23)cc1,-7.301
c1ccc([As](c2ccccc2)c2ccccc2)cc1,-4.305
O=C1c2ccccc2C(=O)c2cc(O)ccc21,-10.164
Cc1c([N+](=O)[O-])cccc1[N+](=O)[O-],-3.2460000000000004
COC(=O)C(O)C(O)C(=O)OC,-3.1889999999999996
Clc1cc(Cl)c(Cl)c(Cl)c1Cl,-2.9960000000000004
CCC(CC)C(C)C,1.38
Cc1ccccc1N(C)C,-0.064
CC(=O)Oc1ccccc1[N+](=O)[O-],-2.662
CCc1ccccc1C,0.41700000000000004
C=Cc1ccccc1C,0.267
Cc1cccc2cccnc12,-1.6019999999999999
Cc1ccc2cccnc2c1,-2.0540000000000003
c1ccc(-c2ccc3ccccc3c2)cc1,-4.456
Cc1ccccc1I,-0.344
CCC(Cl)CC,1.67
CCC(Cl)CCl,1.32
COC(=O)OC,1.744
Cc1ccsc1,1.3459999999999999
O=C1CCCN1,-2.023
CCCC(O)C(C)C,0.13
CC(C)OC(=O)C(C)C,1.204
CCC(CC)CC,1.7630000000000001
CCN(C=O)CC,0.083
O=C(Br)c1ccccc1,-0.654
CC(C)c1cccc(O)c1,-1.158
O=C(Cl)c1cccc(Cl)c1,-0.8540000000000001
Cc1cc([N+](=O)[O-])cc([N+](=O)[O-])c1,-3.3930000000000002
CCCC(CC)CC,1.301
ICc1ccccc1,-0.903
CCOC(=O)C(Cc1ccccc1)C(C)=O,-2.907
O=C(O)C=Cc1ccccc1,-4.301
OCCOCc1ccccc1,-1.699
ClCCc1ccccc1,0.228
CC(=O)OC1CCCCC1,1.033
S=C=NCc1ccccc1,-1.815
C=Cc1ccc(C)cc1,0.258
CCCC(O)CC,0.682
CCOC(=O)CI,-0.195
CCOC(=O)C=[N+]=[N-],0.447
CCCCC(=O)OC,1.281
COC(=O)C=CC(=O)OC,-0.523
CCCCCOC(=O)CC,0.556
FCCF,2.79
CSSC,1.4580000000000002
CC(C)(C)CCO,0.389
CC(=O)CC(C)(C)N,-0.6990000000000001
CCCCOS(=O)(=O)OCCCC,-1.9280000000000002
CCCCC(C)(C)O,0.316
CCC=C(C)C,2.199
COCC(C)C,2.324
COCC(=O)O,-0.8390000000000001
CC(C)OC=O,2.14
CC(C)C[N+](=O)[O-],0.838
CC(C)SC(C)C,1.2830000000000001
Cc1ccc(C)[nH]1,-0.094
Brc1cc(Br)cc(Br)c1,-2.824
Brc1cccnc1,0.243
CN1CCCCC1,1.288
CCCCC(C)O,0.396
CCCC[N+](=O)[O-],0.579
CCCOC(N)=O,-1.2570000000000001
CCCO[N+](=O)[O-],1.371
C#CCCC,2.639
CC=CCC,2.695
CC#CCC,2.373
CC(C)CCC(C)O,0.307
O=C(Cl)C=CC(=O)Cl,0.316
CCCCC=C(C)C,1.25
CCCCOC,2.1430000000000002
O=CNNC=O,-6.126
CC(C)COCC(C)C,1.188
CCCCCCC(C)Cl,0.13699999999999998
C#CCCCCC,1.72
CCCCCC#N,0.455
ClCCCCCCl,0.053
N#CCNCC#N,-2.467
O=[N+]([O-])OCCO[N+](=O)[O-],-1.143
CCCCCCCCCCCCCCCC(=O)OCC,-4.631
CCCCCCCC(C)O,-1.17
C#CCCCCCC,1.1340000000000001
OCCCCCCO,-3.301
CCCSSCCC,-0.29100000000000004
C1=CC=CC=CC=C1,0.892
CCCCCCCCI,-0.602
CCCCCCCCCCCCCC,-1.936
CCCCCCCCCCCCCCC,-2.465
CCCCCCCCCCCCCCCBr,-3.83
C=CCCCCCCCCCCCCCC,-2.5780000000000003
CCCCCCCCCCCCCCCO,-4.415
CCCCCCCCCCCCCCCCC,-3.642
CCCCCCCCCCCCCCCCCCC,-4.31
CCCCCCCCCCCCCCCCCCCCC,-4.059
CCCCCCCCCCCCCCCCCCCCO,-7.345
CCCCCCCCCCCCCCCCCCCCCCCCC,-5.821000000000001
CCCCCCCCCCCCCCCCCCCCCCCCCC,-6.329
CCCCCCCCCCCCCCCCCCCCCCCCCCCC,-8.796
CCCCCCCCCCCCCCCCCCCCCCCCCCCCC,-9.367
CCCCCCCCCCCCCCCCCCCCCCCCCCCCCCC,-10.854000000000001
CCCCCCCCCCCCCCCCCCCCCCCCCCCCCCCCC,-10.395999999999999
CCCCCCCCCCCCCCCCCCCCCCCCCCCCCCCCCCC,-11.267999999999999
CC(C)(C)C#N,1.538
ClCC(Cl)(Cl)Cl,1.079
Clc1ccc(Cl)c(Cl)c1Cl,-1.409
Clc1cc(Cl)c(Cl)c(Cl)c1,-1.2570000000000001
O=C(O)c1ccc[nH]1,-5.648
CC(C)c1cc(C(C)C)c(C(C)C)cc1C(C)C,-2.699
CCC(=O)OC(C)C,1.3519999999999999
Clc1ccc(I)cc1,-1.23
CCOC(C)(C)C,2.093
CCCC(C)I,1.041
Cc1ccc(C)s1,0.9940000000000001
CC1CCCC(C)C1,1.3319999999999999
CCCCC(C)Cl,1.1340000000000001
CCCCCCI,0.146
CCCCCCCCCCCCCCCCCCCCCCC,-4.7589999999999995
CCCc1ccccc1O,-1.046
C(=Cc1ccccc1)c1ccccc1,-2.164
CCCC=C(C=O)CC,0.107
CCCCCCCCCCCCCCCCCCCCCCCC,-5.39
CC(C)CCOC(=O)CC(C)C,-0.053
CC(Cl)c1ccccc1,-0.187
CC=CC(C)C,2.3480000000000003
C=C1CC(=O)O1,1.0290000000000001
O=C1CCCCN1,-2.359
C=CC(F)(F)F,3.642
FCC(F)(F)C(F)F,2.878
CN(C)P(=O)(N(C)C)N(C)C,-1.337
CCOP(C)(=O)OCC,-1.876
O=C(C(F)(F)F)C(F)(F)F,3.3480000000000003
C#CC=C,3.13
CC=CC(C)(C)C,2.045
C=CCC(C)C,2.435
CC=CC(C)C,2.387
C#CCCCC,2.124
CCSCCCl,0.531
O=[N+]([O-])OCCOCCO[N+](=O)[O-],-2.229
CCCCCCCCC(C)=O,-0.57
CCCCCCCCCBr,-0.9209999999999999
CCCCCOCCCCC,-0.067
Cc1cscn1,0.934
CC(C)C1CCCCC1,0.6809999999999999
Cc1cc(C)c(C)c(O)c1,-2.42
CCC(=O)Nc1ccc(Cl)c(Cl)c1,-6.042000000000001
Nc1ccc(N=Nc2ccc([N+](=O)[O-])cc2)cc1,-9.523
COP(=S)(OC)SCN1C(=O)c2ccccc2C1=O,-6.31
CC(C)(C)c1cc(C(C)(C)C)c(O)c(C(C)(C)C)c1,-3.18
CC(C)OP(=S)(OC(C)C)SCCNS(=O)(=O)c1ccccc1,-6.097
COP(C)(=O)OC,-0.017
CCCN(CCC)C(=O)SCC,-1.62
C=C(CC)CC,2.2430000000000003
C=CC(Cl)CCl,1.34
CCO[PH](=O)OCC,1.0490000000000002
C=C(C)CCC,2.29
C=C(C)CCO,0.55
C=COCCOCCOC=C,-1.6380000000000001
CCCCCCCCCCCCCBr,-2.866
COc1ccccc1Cl,-0.623
C[SiH](C)c1ccccc1,0.565
C[Si](C)(Cl)c1ccccc1,-0.14
O=P(Cl)(Cl)Oc1ccccc1,-1.28
Oc1c(F)c(F)c(F)c(F)c1F,0.46399999999999997
c1ccc2c(c1)CCc1ccccc1-2,-3.222
Cc1c2ccccc2cc2ccccc12,-4.398
Clc1ccc(C(c2ccccc2Cl)C(Cl)(Cl)Cl)cc1,-5.87
FCC(F)(F)F,3.698
CCC(=O)CBr,0.56
CC=C(CC)CC,1.723
CCOC(=O)CCCC(=O)OCC,-0.7929999999999999
OCC=CCO,-2.156
C=CCCCCCCCCC,-0.307
CC1CCCC1C,1.806
Cc1c(N)cccc1N,-2.609
c1ccc(C2CCCCC2)cc1,-1.399
O=C1CCCCCCCCCCC1,-2.3569999999999998
Cc1cccc2c1ccc1ccccc12,-4.824
CCNc1nc(NC(C)C)nc(SC)n1,-5.562
C=C(C)C(=O)OCCO,-0.9
CO[PH](=O)OC,0.655
C=CCS,2.719
CCCCCCCC(C)C,0.276
C=CCCCCCCCC,0.223
Brc1ccsc1,1.22
CN1CCCC1=O,-0.462
CCc1cccs1,1.0490000000000002
CC1CCS(=O)(=O)C1,-2.1390000000000002
Cn1ccc(=O)n(C)c1=O,-2.258
CCc1ccc(C)cc1C,-0.069
O=C1CCCCCCCCCC1,-1.306
CCNc1nc(NC(C)(C)C)nc(SC)n1,-5.772
CC(C)(C)Cl,2.487
CCOC(C)(C)CC,1.699
OC(C(F)(F)F)C(F)(F)F,2.201
CCC(C)C(C)C(C)C,0.955
CCCCN(CCCC)N=O,-1.329
C=CC(=O)OCCC,1.161
CCCCO[N+](=O)[O-],0.919
NCCOCCO,-2.812
[C-]#[N+]c1ccccc1,0.38
CCc1cccc(C)c1C,-0.20600000000000002
CCc1cc(C)cc(C)c1,0.013000000000000001
CCc1ccc(C)c(C)c1,-0.126
CCc1ccc(C(C)=O)cc1,-0.039
CC(=O)c1cccc2ccccc12,-3.407
CCOP(=S)(CC)Sc1ccccc1,-3.471
c1ccc(COc2ccccc2)cc1,-2.201
COc1nn(CSP(=S)(OC)OC)c(=O)s1,-5.472
CN(C)C(=O)C(c1ccccc1)c1ccccc1,-7.523
O=S1OCC2C(CO1)C1(Cl)C(Cl)=C(Cl)C2(Cl)C1(Cl)Cl,-5.523
O=[N+]([O-])c1ccc(Nc2ccccc2)c([N+](=O)[O-])c1,-8.523
CCC(C)(C)OC,1.876
CC[Si](Cl)(CC)CC,0.831
C=CCOC(=O)C=CC(=O)OCC=C,-2.166
C[Si](C)(C)N[Si](C)(C)C,1.14
CCCCCO[N+](=O)[O-],0.705
CCCCCCCCCCCl,-2.0069999999999997
CC1CC(C)S(=O)(=O)C1,-2.116
CCNc1nc(NCC)nc(SC)n1,-6.149
O=S1(=O)OCC2C(CO1)C1(Cl)C(Cl)=C(Cl)C2(Cl)C1(Cl)Cl,-6.553
CCC(C)(CC)CC,1.3619999999999999
CCC(CC)(CC)CC,0.863
CCC(C(C)C)C(C)C,1.004
CC(C)CC(C)C(C)C,1.068
CC(C)(C)CC(C)(C)C,1.301
CCCCCC(C)(C)C,1.033
CC(C)(C)CCC(C)(C)C,0.9420000000000001
O=C(O)CNCP(=O)(O)O,-7.0089999999999995
C=Cc1ccc(Cl)cc1,-0.08800000000000001
CCCc1ccccc1C,-0.003
CCCc1cccc(C)c1,0.425
CCCc1ccc(C)cc1,0.040999999999999995
CCCCCCc1ccccc1,-0.917
CCCCCCCCCc1ccccc1,-2.2430000000000003
CN(C)S(=O)(=O)N(SC(F)(Cl)Cl)c1ccccc1,-6.9510000000000005
CCCCN(CC)C(=O)SCCC,-1.053
CNOC,2.5789999999999997
COC(=O)CCCC(=O)OC,-0.745
CCCCCCCCCCC,-0.385
CCCCOc1ccccc1,-0.529
CCc1cccc2ccccc12,-1.599
COc1cc(OC)cc(C(=O)O)c1,-6.86
CC(C)C(C)C(C)(C)C,1.1
CCC(=O)NC,0.061
O=C1CCC1,1.633
CC1CCCC1C,1.6740000000000002
C=C1CCCCC1,1.604
Cc1cc(C)c2ccccc2n1,-2.1
CC(=Cc1ccccc1)C(=O)O,-3.04
CC1COCc2cc3c(cc21)C(C)(C)C(C)C3(C)C,-3.264
Cc1ccc(N=C=O)cc1N=C=O,-1.87
CCOC(=O)c1ccco1,-0.39299999999999996
O=[N+]([O-])c1ccc(N=Nc2ccc(O)cc2)cc1,-9.523
OC1CCCCC1c1ccccc1,-1.435
CC(C)OP(C)(=O)OC(C)C,-0.5579999999999999
Nc1ccccc1-c1ccccc1N,-5.57
CCCCCCCCCCCCCCCCc1ccccc1,-5.449
CCCCCCCCCCCCCCc1ccccc1,-4.623
COc1cccc(OC)c1C(=O)O,-6.721
ClCC=CCCl,0.612
O=CF,3.4610000000000003
O=S(=O)(O)C(F)(F)F,-1.0
COc1cccc(C(=O)O)c1OC,-5.73
O=[N+]([O-])c1ccc(-c2ccc([N+](=O)[O-])cc2)cc1,-7.562
CC(C)(C)C(=O)OC(=O)C(C)(C)C,-0.35700000000000004
CSC(C)C,1.903
Cc1cc(Cl)ccc1O,-1.62
C=CC=CC,2.58
CCCN(CCC)c1c([N+](=O)[O-])cc(C(F)(F)F)cc1[N+](=O)[O-],-4.3389999999999995
CCc1ccc(Br)cc1,-0.155
C1CCSCC1,0.895
C=C(CC)CCCC,1.294
CC12CCC(C1)C(C)(C)C2O,-1.449
COC(C)(C)C,2.398
CCCCc1ccc(O)cc1,-2.654
CC1(C)CCCC1,1.882
CCCCCCCS,0.11699999999999999
CCC1CCCC1,1.6
CNC(=O)ON=CC(C)(C)S(C)=O,-4.0
CNC(=O)ON=CC(C)(C)S(C)(=O)=O,-4.046
FC(F)(Cl)CCl,2.531
CCC1CCCCC1,1.107
CCCC1CCCCC1,0.622
CCCCC1CCCCC1,0.11699999999999999
CC(C)CC1CCCCC1,0.684
SC1CCCC1,1.057
CC1(C)C2CC3OC3(C)C1C2,-0.087
Oc1ccc(N=Nc2ccccc2)cc1,-6.636
CCCCCCCC(=O)Oc1c(Br)cc(C#N)cc1Br,-5.319
O=C(O)c1nc(Cl)ccc1Cl,-4.921
C1=CCOC1,2.199
CC(C)O[N+](=O)[O-],1.5330000000000001
CC(F)(Cl)Cl,2.778
Cc1cccc2c1Cc1ccccc1-2,-3.523
CCCCCCCCOP(=O)(OCCCCCCCC)c1ccccc1,-5.71
CCc1cc(C)ccc1C,-0.027000000000000003
CC1CCC(C)C1,1.818
CCCCCCCCC1CCCCC1,-2.039
CCCCCCCCCCC1CCCCC1,-2.987
CCCCCC=CCC=CCC=CCC=CCCCC(=O)OCC,-6.165
CC(F)(F)C(F)(F)F,3.543
Clc1ccc(Cl)c2ccccc12,-2.8539999999999996
CCO[Si](C)(C)C,2.061
COC(=O)c1c(Cl)c(Cl)c(C(=O)OC)c(Cl)c1Cl,-5.602
CC(O)COCc1c(Cl)ccc(Cl)c1Cl,-4.0
CCC(C)CS,1.301
Cc1cc(C)c(O)c(C(C)(C)C)c1,-1.349
O=C(Cl)Oc1ccccc1,-0.249
FC(F)OCC(F)(F)F,2.81
ClC(Cl)=C(Cl)C(Cl)(Cl)Cl,-0.613
N#Cc1c(Cl)c(Cl)c(Cl)c(C#N)c1Cl,-6.244
CCNc1nc(Cl)nc(NC(C)C)n1,-6.539
COc1c(Cl)ccc(Cl)c1C(=O)O,-4.471
CC(C)N(C(=O)CCl)c1ccccc1,-3.638
COC(=O)COc1ccc(Cl)cc1Cl,-2.638
CCCCC(CC)COC(=O)COc1cc(Cl)c(Cl)cc1Cl,-5.921
CCCCOCCOC(=O)COc1ccc(Cl)cc1Cl,-5.347
Clc1cccc(C(Cl)(Cl)Cl)n1,-2.319
CN(C)C(=O)Nc1ccc(Oc2ccc(Cl)cc2)cc1,-8.408999999999999
CC1CCCCC1NC(=O)Nc1ccccc1,-8.398
C=CC=CC,2.614
CCSC(=O)N(CC(C)C)CC(C)C,-1.886
CCCCCCCCCCCCCCN,-3.011
CCCCCCCCCCN,-1.0
CC(C)c1ccc2ccccc2c1,-2.286
CNC(=O)Oc1cc(C)c(SC)c(C)c1,-6.569
C=Cc1ccc(Br)cc1,-0.10800000000000001
C=Cc1cccc(Cl)c1,-0.008
C=Cc1ccccc1Cl,-0.017
CCCCC1CCCC1,0.602
CCOC(=O)CCCCCC(=O)OCC,-2.509
CCc1cc(C)cc(CC)c1,0.0
Clc1cccc(-c2cccc(Cl)c2)c1,-3.188
CCCCCCCCCCI,-1.854
CCCCCNCCCCC,-0.815
Clc1c(Cl)c(Cl)c(-c2c(Cl)c(Cl)c(Cl)c(Cl)c2Cl)c(Cl)c1Cl,-6.975
Clc1cccc(-c2ccccc2)c1,-2.134
Clc1ccc(-c2ccccc2)cc1,-1.979
CCN(CC)Cc1cccnc1,-2.367
CCOP(=S)(Oc1ccc([N+](=O)[O-])cc1)c1ccccc1,-6.022
CCCCCCCCCCCCCCCc1ccccc1,-5.143
Clc1ccccc1C(Cl)(Cl)Cl,-1.298
Clc1cc(Cl)c(Cl)c(-c2c(Cl)c(Cl)cc(Cl)c2Cl)c1Cl,-5.406000000000001
CC(CO)CO,-1.6780000000000002
O=c1[nH]c2c(c(=O)n1C1CCCCC1)CCC2,-8.824
CN(C)C(=O)Nc1cccc(C(F)(F)F)c1,-6.028
Brc1c(Br)c(Br)c2c(c1Br)Oc1c(Br)c(Br)c(Br)c(Br)c1O2,-12.511
Clc1nc(Cl)c(Cl)c(Cl)c1Cl,-1.854
CC1CCCCC1C,1.161
C=C(C)C(=O)OCCC,0.805
CCSC(=O)N1CCCCCC1,-2.252
C=C(C)CC(C)C,1.975
CCCCCC(C)CC,0.7959999999999999
CCCCC(C)CCC,0.8340000000000001
CC1CCC(C(C)C)C(O)C1,-1.196
CC12CCC(C1)C(C)(C)C2O,-0.9470000000000001
Clc1c(Cl)c(Cl)c2c(Cl)c(Cl)c(Cl)c(Cl)c2c1Cl,-7.959
C=CC=CC=C,1.954
C=CC(=O)OCCOC(=O)C=C,-1.182
COP(=O)(OC)OC(=CCl)c1ccc(Cl)cc1Cl,-5.011
CC(=O)OO[N+](=O)[O-],1.465
CC(C)N(C(=O)SCC(Cl)=C(Cl)Cl)C(C)C,-3.9210000000000003
C#CCOS(=O)OC1CCCCC1Oc1ccc(C(C)(C)C)cc1,-6.523
CCCOC(=O)c1ccccc1,-0.866
COC(=O)CS,0.47700000000000004
CCCCF,2.762
Fc1cc(F)c(F)c(F)c1,1.865
ClC1(Cl)C2(Cl)C3(Cl)C4(Cl)C(Cl)(Cl)C5(Cl)C3(Cl)C1(Cl)C5(Cl)C24Cl,-6.097
CCCCCCCCCCCC(=O)OO,-3.602
Cc1ccc(O)c(C(C)(C)C)c1,-1.6019999999999999
Cc1ccc(C)c(O)c1C,-1.46
CNC(=O)Oc1ccc(C)c(C)c1,-3.238
CCCCCCCCCCCCCCCl,-3.139
CC(C)(C)NC=O,-0.569
CCCCOCC1CO1,0.505
N#CCCCCCN,-0.745
CCCCCCCCCCCC#N,-2.627
C=CCCCCCCCCCCC,-1.195
CC(C)c1ccccc1C(=O)O,-3.46
Clc1ccc(Oc2ccc(Cl)cc2)cc1,-3.305
CC1CCCC1C,1.6740000000000002
CCCCCCCCCOCCCCCCCCC,-4.279
COc1cc(Cl)c(Cl)cc1O,-2.353
CCCCCCCCCCl,-0.573
O=C1C(=C2Nc3c(Br)cc(Br)cc3C2=O)Nc2c(Br)cc(Br)cc21,-11.097000000000001
CNc1ccc(NC)c2c1C(=O)c1ccccc1C2=O,-10.699000000000002
Nc1ccc(N)c2c1C(=O)c1c(N)ccc(N)c1C2=O,-7.745
CO[SiH](OC)OC,1.881
CN(C)c1ccc(N=Nc2ccc([N+](=O)[O-])cc2)cc1,-10.0
COP(=S)(Cl)OC,-0.301
CCCCOCCOC(=O)COc1cc(Cl)c(Cl)cc1Cl,-5.824
CCOc1nc(C(Cl)(Cl)Cl)ns1,-4.0
CCOC(=O)C(SP(=S)(OC)OC)c1ccccc1,-5.585
C=Cc1ccc(O)cc1,-1.854
CNC(=O)Oc1cc(C)cc(C)c1,-3.444
COc1cc(Cl)c(OC)cc1Cl,-2.523
CNC(=O)Oc1cc(C)c(C)c(C)c1,-4.292
Clc1ccccc1Oc1ccccc1,-2.398
O=[N+]([O-])N1CN([N+](=O)[O-])CN([N+](=O)[O-])CN([N+](=O)[O-])C1,-13.481
CCCC=C(C)C,1.732
c1cc[n+]2c(c1)-c1cccc[n+]1CC2,-8.0
CC(C)(N=C=O)c1ccc(C(C)(C)N=C=O)cc1,-3.12
CC(C)(N=C=O)c1cccc(C(C)(C)N=C=O)c1,-2.495
NC1=C(Cl)C(=O)c2ccccc2C1=O,-6.347
CCCOCCO,0.494
CC#CCCCCC,0.875
FC(Cl)C(F)(F)F,3.4610000000000003
CCc1c(C)cccc1C,-0.131
O=C(Cl)CCCC(=O)Cl,-0.932
CCCCCCCCCC1CCCCC1,-2.6060000000000003
CCCCCCCCCCCCCCCCCCS,-6.398
C=C(C)c1ccc(C(C)(C)N=C=O)cc1,-2.331
O=C=Nc1cccc(Cl)c1,-0.7120000000000001
C=CCOC(=O)Cl,1.301
CCCCCCC(C)S,-0.14800000000000002
CN(C)c1ccc(N=Nc2ccccc2[N+](=O)[O-])cc1,-9.0
CCN(CC)c1ccc(N=Nc2ccc([N+](=O)[O-])cc2)cc1,-10.097000000000001
CC1CCCC(C)(C)C1,1.033
Clc1ccc(Cl)s1,0.934
CC(C)(C)C1CCCCC1,0.36700000000000005
CCCCc1ccccc1O,-1.9869999999999999
CCCCCCC(C)C,0.7929999999999999
Clc1c(Cl)c(Cl)c2c(c1Cl)Oc1c(Cl)c(Cl)c(Cl)c(Cl)c1O2,-12.084000000000001
O=c1c2ccccc2c(=O)c2c1ccc1c3ccc4c(=O)c5ccccc5c5ccc([nH]c12)c3c45,-17.0
COc1ccc2c(c1)C(=O)c1ccccc1C2=O,-10.164
N#Cc1sc2c(=O)c3ccccc3c(=O)c=2sc1C#N,-10.693
CCCCC(C)Br,0.86
CCCCCCCCCCCCCCCCCCCl,-4.7669999999999995
C=CC(C)CCC,1.916
CCC=C(C)CC,1.915
C=C(C)C(C)CC,1.909
Ic1cccs1,0.9059999999999999
C=CCCCCCCCCCCCCCCCCCC,-4.975
C#CCCCCCCC,0.797
C=Cc1ccc(CC)cc1,-0.025
CCCCCCCCCCCCCCCCCBr,-4.738
CC(C)CCC(C)(C)C,1.22
CCCCCCCCSCCO,-3.227
CCC(C)c1ccc(O)c([N+](=O)[O-])c1,-2.339
C[Si](C)(C)O[Si](O[Si](C)(C)C)(O[Si](C)(C)C)O[Si](C)(C)C,-1.173
CCCCC(CC)CO[PH](=O)OCC(CC)CCCC,-4.237
CCN(O)CC,0.526
CC=CC(=O)O,-0.488
CC1CCC(C)C(C)C1C,0.11699999999999999
CCC1CCC(C)C1,0.799
C=C(C)CC(C)=O,1.179
C=CCC(C)CC,1.8659999999999999
CC(C)C1CCCC1,1.21
CCCSC,1.706
CCOC(=O)C(C)(C)C,1.25
NCCCCCCO,-2.62
CC(C)(C)NCCNC(C)(C)C,-0.575
CC1CC(=O)OC1=O,-1.51
BrCCCCCCCCCCBr,-2.428
CCCSCC,1.274
O=C(OC(=O)C(Cl)(Cl)Cl)C(Cl)(Cl)Cl,-0.907
CCSc1nc(NC(C)C)nc(NC(C)C)n1,-5.796
CC=Cc1ccc(OC)cc1,-1.1520000000000001
Cc1cc2ccccc2o1,-0.312
CCCCCCCCCCCCCCCCCCCCBr,-6.082999999999999
CCCCCCCI,-0.35100000000000003
CCCCCCCCCI,-1.564
CCCCCCCCCCCI,-2.354
CCCCCCC1CCCCC1,-0.943
Cc1cc(N=Nc2ccc([N+](=O)[O-])cc2)ccc1N(C)C,-8.0
Clc1ccc(N=Nc2ccccc2)cc1,-5.699
CCCCCCCCCCCCCCCCCCCBr,-5.652
OCCC1CCCCC1,-0.78
COC1CCC=CO1,1.037
O=C1c2ccccc2C(=O)c2c(NCCO)cccc21,-11.0
CC(C)=CCCC(C)O,-0.565
CCOC(=O)C(=O)Cl,0.8809999999999999
CC=CCBr,1.905
ClC1=C(Cl)C2(Cl)C3C(Cl)C(Cl)CC3C1(Cl)C2(Cl)Cl,-4.444
ClC1=C(Cl)C2(Cl)C3C(Cl)C(Cl)C(Cl)C3C1(Cl)C2(Cl)Cl,-6.046
ClC1=C(Cl)C2(Cl)C3C(Cl)C(Cl)CC3C1(Cl)C2(Cl)Cl,-4.298
CC=CC=CC,1.944
Oc1ccc2ccc3cccc4ccc1c2c34,-8.316
CCC(=O)c1ccc(C)cc1,-1.028
CC(O)C(C)O,-0.42
CC(Br)C(C)Br,0.58
Clc1ccc2oc3ccc(Cl)cc3c2c1,-5.5329999999999995
CC(CC=O)CC(C)(C)C,-1.097
Brc1ccc(Oc2ccc(Br)cc2Br)c(Br)c1,-7.155
CC1CCCC(O)C1,-0.275
CCCCCCCC(=O)OC(C)C,-0.963
Cc1cc(Cl)cc2c1SC(=C1Sc3c(C)cc(Cl)cc3C1=O)C2=O,-9.523
COP(=S)(OC)Oc1nc(Cl)c(Cl)cc1Cl,-4.377
CCCCCCCC1CCCCC1,-1.3980000000000001
CCNc1nc(Cl)nc(NC(C)(C)C)n1,-5.9510000000000005
C=C(C)C1CC=C(C)CC1,0.297
C=C(C)C1CC=C(C)CC1,0.158
CCCCCCCCCCCCCC1CCCCC1,-5.039
CCCCCCCCCCCCCCCC1CCCCC1,-6.461
CCCC(C)O,0.7859999999999999
C=C(C)CCCC,1.785
OCC=CCO,-2.185
CC(C)(C)OC(C)(C)C,1.5130000000000001
Cc1cc(Cl)ccc1N=CN(C)C,-3.035
CCCCCCCCCCC(C)=O,-1.686
Nc1ccc(Nc2ccc([N+](=O)[O-])cc2[N+](=O)[O-])cc1,-10.222000000000001
O=C(O)COc1ccc(Cl)cc1CO,-6.176
CC(CO[N+](=O)[O-])O[N+](=O)[O-],-0.423
CC=CCCCC,1.686
Clc1cccc(Oc2ccccc2)c1,-2.425
C=C(C)C1CC=C(C)C(=O)C1,-0.987
CCCCCCCCCCCc1ccccc1,-3.616
C=CCCCCCCCCCCCCCCC,-3.343
CCC(C)OC,2.318
Clc1ccc(Oc2cccc(Cl)c2)cc1,-3.185
CCC(C)OC(C)CC,1.212
CC1CCCCC1C,1.288
Clc1ccc(Oc2ccccc2Cl)cc1,-3.155
O=C(O)CC(O)C(=O)O,-7.484
CCCCCCCCC(C)C,-0.22
CC1OC(OC2C(O)C(O)C(O)C(O)C2O)C(N)CC1NC(=N)C(=O)O,-7.0
CC(O)C(C)O,-0.74
CNC(=O)Oc1ccccc1C1OCCO1,-6.523
Clc1ccc(Oc2ccccc2)cc1,-2.569
Clc1ccc(-c2ccc(Cl)cc2Cl)cc1,-3.71
CCC(C)C1CCCCC1,0.371
CCCCCCCCCCCCCCC(=O)OC,-3.7880000000000003
CCCC(C)=C(C)C,1.262
CCC(C)(C)C(C)(C)C,0.975
CCCOP(=O)(OCCC)Oc1ccc(SC)cc1,-6.046
CC(C)(C#N)C#N,0.161
O=CC1CC2C3C1C1(Cl)C(Cl)(Cl)C3(Cl)C3(Cl)C2C13Cl,-6.699
CC1CCCCC1O,0.079
CC1CCCC(O)C1,-0.24100000000000002
CC1CCCCC1O,0.161
C=Cc1cccc(CC)c1,-0.095
CCC=CCCC,1.726
CC=CCCC,2.176
CC1CCC(O)CC1,-0.484
CC1CCC(O)CC1,-0.41
ClC=CCCl,1.531
C=C[Si](Cl)(Cl)CC,1.23
CCCCCCCCCCCC(=O)OC(C)C,-2.572
CCOP(=S)(OCC)SC(CCl)N1C(=O)c2ccccc2C1=O,-7.207999999999999
ClCC(Cl)=C(Cl)Cl,0.428
CCC(C)=C(C)C,1.7009999999999998
c1ccc2sccc2c1,-0.622
CC=C(C)C(=O)OC1CC(OC(C)=O)C2(C(=O)OC)COC3C2C12COC(O)(C(=O)OC)C2C(C)(C12OC1(C)C1CC2OC2OC=CC21O)C3O,-10.569
COc1ccc(C(O)(c2cncnc2)C2CC2)cc1,-6.699
CCOP(=S)(OCC)SCSC(C)(C)C,-3.495
ClCC(Cl)(Cl)CCl,0.484
CCN(CC)C(=O)C(Cl)=C(C)OP(=O)(OC)OC,-4.783
CC=C(C)Br,1.755
C=CCCCCCCCCCCCCC,-2.343
CC=CCCCCC,1.215
CCCC(C)(C)C(C)(C)C,0.59
Brc1c(Br)c(Br)c(-c2c(Br)c(Br)c(Br)c(Br)c2Br)c(Br)c1Br,-9.4
CCOC(=O)Nc1cccc(OC(=O)Nc2ccccc2)c1,-8.523
CCC(C)N,2.25
CCCC(C)CC(C)C,1.675
CC=CCCCC,1.689
CCOP(=S)(OCC)ON=C(C#N)c1ccccc1,-4.801
CCCC=CCCC,1.25
C=CCOC(=O)OCC=C,-0.991
ClC(Cl)C(Cl)C(Cl)Cl,-0.027999999999999997
CCN(CC)C(=O)C(C)Oc1cccc2ccccc12,-6.763999999999999
Clc1cc(Cl)c(-c2ccccc2)cc1Cl,-3.011
C=C(C)CCCCC,1.305
CC1CCC(C)C1C,1.505
CC(C)C=CC(C)C,1.6369999999999998
CC(=O)OC1CC(C)CCC1C(C)C,-0.983
C1=CCC2CC2C1,1.36
Clc1ccc(-c2cc(Cl)ccc2Cl)cc1,-3.398
CN(C)O,1.3259999999999998
O=P(O)(O)CCCl,-7.0089999999999995
CCCC(C)C(C)(C)C,1.057
CCC(C)CC(C)(C)C,1.2009999999999998
CCCC(C)(C)C(C)C,0.993
CCC(C)(C)CC(C)C,1.127
CCC(C)C(C)(C)CC,0.948
CCC(CC)C(C)(C)C,1.053
CC(C)C(C)(C)C(C)C,0.946
CC(C)C(C)CC(C)(C)C,0.78
CNC(=O)ON=C(C)SC,-5.268
CCOP(=O)(Sc1ccccc1)Sc1ccccc1,-6.569
CCC(C#N)CC#N,-1.7209999999999999
CC=C(C)CCC,1.703
CCCCNC(=O)n1c(NC(=O)OC)nc2ccccc21,-8.432
C[Si](C)(C)O[Si](C)(O[Si](C)(C)C)O[Si](C)(C)C,-1.396
CCCCCCCCCCCCCCCCCCCC(=O)OCC,-7.7170000000000005
CNC(=O)N(C)c1nc2ccccc2s1,-6.947
CCCCCCCCCCCCCCI,-3.8480000000000003
CC(Br)CC(C)Br,0.152
Clc1cc2c(c(Cl)c1Cl)Oc1c(cc(Cl)c(Cl)c1Cl)O2,-10.312000000000001
Clc1c(Cl)c(Cl)c2ccccc2c1Cl,-5.537999999999999
Cn1c(=O)on(-c2ccc(Cl)c(Cl)c2)c1=O,-6.0
CCOP(=O)(N=C1SCS1)OCC,-5.19
CCOP(=O)(NC(C)C)Oc1ccc(SC)c(C)c1,-6.0
CCc1cccc(C(C)=O)c1,0.358
CNC(=O)Oc1cccc2c1OC(C)(C)O2,-4.462
CC(C)Nc1nc(Cl)nc(NC2CC2)n1,-6.523
Cc1nc(N(C)C)nc(OC(=O)N(C)C)c1C,-5.138
CCCCOCN(C(=O)CCl)c1c(CC)cccc1CC,-5.537999999999999
CC(C)COCC(C)O,0.114
CCOP(=S)(OCC)Oc1cc(C)nc(N(CC)CC)n1,-3.5380000000000003
COP(=O)(OC)OC1=C(Cl)C2C=CCC12,-2.8930000000000002
COC(=O)NC(=S)Nc1ccccc1NC(=S)NC(=O)OC,-7.147
CCCCc1c(C)nc(NCC)[nH]c1=O,-5.699
CC(O)C(C)O,-0.26
CCCOC(=O)NCCCN(C)C,-1.261
CC=C(C)C(C)C,1.83
Clc1ccc(Cl)c(Oc2ccccc2)c1,-3.0
Clc1ccc(Oc2cc(Cl)cc(Cl)c2)cc1,-3.764
CCOP(=S)(NC(C)C)Oc1ccccc1C(=O)OC(C)C,-5.523
Clc1ccccc1Cl,0.16699999999999998
C=C(Cl)Cl,2.802
CC(C)CCCCCCCO,-1.6840000000000002
CCCCCCC(C)(C)S,-0.27399999999999997
CCc1cccc(C)c1,0.45899999999999996
CC(C)c1ccc(-c2ccccc2)cc1,-3.301
CC(C)OP(=O)(OC(C)C)SCc1ccccc1,-4.393
FC(F)OC(C(F)(F)F)C(F)(F)F,2.588
CCOC1Oc2ccc(OS(C)(=O)=O)cc2C1(C)C,-5.31
CCCCCCCCn1sccc1=O,-4.434
OC(CCl)CCl,-0.096
O=CNC(N1CCN(C(NC=O)C(Cl)(Cl)Cl)CC1)C(Cl)(Cl)Cl,-6.699
CC(C)CCCCCCCOC(=O)c1ccccc1C(=O)OCCCCCCCC(C)C,-6.277
C#CCCCC,2.134
CC(Cl)=CCl,1.38
CCc1cccc2ccccc12,-1.2819999999999998
CC=CCCCCCC,0.574
CNc1cnn(-c2cccc(C(F)(F)F)c2)c(=O)c1Cl,-7.539
CC(C)CCCCCOC(=O)c1ccccc1C(=O)OCCCCCC(C)C,-5.26
Fc1ccc(F)c(F)c1F,1.775
CCN(CC)C(=O)SCc1ccc(Cl)cc1,-4.658
Clc1cccc(Cl)c1Oc1ccccc1,-2.886
FCOC(C(F)(F)F)C(F)(F)F,2.286
CC(C)CCCCCCOC(=O)c1ccccc1C(=O)OCCCCCCC(C)C,-6.268
CCCN(CCC)c1c([N+](=O)[O-])cc(C(F)(F)F)c(N)c1[N+](=O)[O-],-7.606
CCON=C(OC(=O)c1ccccc1)c1c(OC)ccc(Cl)c1OC,-5.471
CCCC(C)c1ccccc1,-0.21
Clc1cc2c(cc1Cl)Oc1ccccc1O2,-5.5329999999999995
CCSCc1ccccc1OC(=O)NC,-5.152
COP(=O)(NC(C)=O)SC,-5.77
Clc1c(Cl)c(Cl)c2c(c1Cl)Oc1ccccc1O2,-7.319
Clc1ccc(-c2cc(Cl)c(Cl)cc2Cl)cc1Cl,-5.047
CCC=CBr,1.885
Clc1ccc(-c2ccc(Cl)c(Cl)c2)c(Cl)c1,-4.335
Clc1ccc(Cl)c(-c2ccc(Cl)c(Cl)c2)c1,-4.388999999999999
Clc1ccc(-c2ccc(Cl)c(Cl)c2)cc1Cl,-4.785
Clc1ccc(-c2ccc(Cl)c(Cl)c2Cl)cc1Cl,-5.185
Cc1ccc(N=CN(C)C=Nc2ccc(C)cc2C)c(C)c1,-5.699
O=S1OCC2C(CO1)C1(Cl)C(Cl)=C(Cl)C2(Cl)C1(Cl)Cl,-6.222
Clc1ccc(-c2ccccc2)c(Cl)c1,-2.86
Clc1cc(-c2ccccc2)c(Cl)c(Cl)c1Cl,-4.426
CCC(C)Nc1c([N+](=O)[O-])cc(C(C)(C)C)cc1[N+](=O)[O-],-4.896
CCNc1nc(NC(C)(C)C)nc(OC)n1,-5.699
CCCN(CCC)c1c([N+](=O)[O-])cc(C(C)C)cc1[N+](=O)[O-],-4.523
Clc1ccc2c(c1)Oc1ccc(Cl)cc1O2,-6.046
Clc1ccc2c(c1)Oc1cc(Cl)c(Cl)cc1O2,-7.046
CC(C)c1ccc(NC(=O)N(C)C)cc1,-7.607
CCCCCCC(Cl)CCCC,-1.514
CCCCCCCCC(Cl)CCCC,-2.504
CCCCCCCCCCCCC(Cl)CC,-3.455
Clc1ccc2c(c1Cl)Oc1c(Cl)c(Cl)c(Cl)c(Cl)c1O2,-10.357000000000001
CCC(O)OCCCOC,-0.26
Clc1ccc(Cl)c(-c2ccccc2)c1,-2.86
Clc1ccc(-c2ccccc2Cl)cc1,-2.68
Clc1cc(Cl)c(-c2cc(Cl)c(Cl)cc2Cl)cc1Cl,-5.465
Clc1cc(Cl)c(-c2ccc(Cl)c(Cl)c2Cl)cc1Cl,-5.42
Clc1cc(Cl)c(-c2cc(Cl)c(Cl)c(Cl)c2Cl)cc1Cl,-6.01
Clc1ccc(-c2cc(Cl)c(Cl)c(Cl)c2Cl)c(Cl)c1Cl,-6.202000000000001
CC(C)N(Cc1ccccc1)C(=O)C(C)(C)C,-3.175
O=C(NC(=O)c1c(F)cccc1F)Nc1ccc(Cl)cc1,-9.046
CCCSP(=S)(OCC)Oc1ccc(SC)cc1,-5.921
Clc1cc(Cl)c(-c2ccccc2)c(Cl)c1,-3.145
CCCCCCCCCCCCCCCCO,-5.222
CC(C)NC(=O)N1CC(=O)N(c2cc(Cl)cc(Cl)c2)C1=O,-8.426
Clc1ccc(Cl)c(-c2ccccc2Cl)c1,-2.9789999999999996
Clc1ccc(Cl)c(-c2cc(Cl)c(Cl)cc2Cl)c1,-4.599
C=CCN(CC=C)C(=O)C(Cl)Cl,-2.222
Cc1cc(S(=O)(=O)c2ccccc2)ccc1NS(=O)(=O)C(F)(F)F,-5.046
CCOc1cc(OP(=S)(OC)OC)nc(CC)n1,-4.0969999999999995
Clc1ccc(-c2cc(Cl)c(Cl)cc2Cl)c(Cl)c1,-4.658
Clc1ccc(Cl)c(-c2ccc(Cl)c(Cl)c2Cl)c1,-4.77
Clc1cc(Cl)c(-c2c(Cl)ccc(Cl)c2Cl)cc1Cl,-5.074
Clc1ccc(-c2cc(Cl)c(Cl)c(Cl)c2Cl)cc1Cl,-5.792999999999999
Clc1ccc(-c2ccccc2Cl)cc1Cl,-3.987
Clc1ccc2c(c1)Oc1cc(Cl)ccc1O2,-5.979
Clc1c(Cl)c(Cl)c2c(oc3c(Cl)c(Cl)c(Cl)c(Cl)c32)c1Cl,-11.425999999999998
Brc1ccc2c(c1)Oc1ccc(Br)cc1O2,-5.947
CNC(=O)ON=C(CSC)C(C)(C)C,-3.77
Clc1cc2c(cc1Cl)Oc1c(Cl)c(Cl)c(Cl)c(Cl)c1O2,-10.417
Clc1cccc2c1Oc1ccccc1O2,-4.046
Clc1cc(Cl)c2c(c1Cl)Oc1ccccc1O2,-6.125
Clc1ccc2c(c1)Oc1c(Cl)c(Cl)c(Cl)c(Cl)c1O2,-9.18
Clc1cc(Cl)c2c(c1Cl)Oc1c(Cl)cc(Cl)c(Cl)c1O2,-10.292
ClC1=C(Cl)C2(Cl)C3C(Cl)C(Cl)C(Cl)C3C1(Cl)C2(Cl)Cl,-6.0
C#CCOc1cc(-n2nc(C(C)(C)C)oc2=O)c(Cl)cc1Cl,-7.726
Clc1cc2c(cc1Cl)Oc1c(cc(Cl)c(Cl)c1Cl)O2,-9.362
CCC(CC)Nc1c([N+](=O)[O-])cc(C)c(C)c1[N+](=O)[O-],-4.523
CCCSP(=O)(OCC)Oc1ccc(Br)cc1Cl,-6.046
CCOC(=O)C=C(C)C=CCC(C)CCCC(C)C,-3.613
Brc1ccc(Oc2ccc(Br)cc2Br)cc1,-6.1739999999999995
Clc1ccc(-c2cc(Cl)ccc2Cl)c(Cl)c1,-5.072
Clc1ccc(Cl)c(-c2c(Cl)cccc2Cl)c1,-4.648
CCCCc1c(C)nc(NCC)nc1OS(=O)(=O)N(C)C,-6.125
Cc1cccc2sc3nncn3c12,-6.699
CCCCCCCCCCCCCCCCCCCCCl,-5.62
COC(=O)c1cc(Oc2ccc(Cl)cc2Cl)ccc1[N+](=O)[O-],-7.0
Cc1ccc(NC(=O)NC(C)(C)c2ccccc2)cc1,-8.47
CCOc1cc(Oc2ccc(C(F)(F)F)cc2Cl)ccc1[N+](=O)[O-],-6.699
CC(C)(C)C(=O)C(Oc1ccc(Cl)cc1)n1cncn1,-7.824
Clc1cc2ccccc2c(Cl)c1Cl,-4.699
CC(C)OC(=O)C(C(=O)OC(C)C)=C1SCCS1,-1.845
COCCN(C(=O)CCl)c1c(C)cccc1C,-4.947
Brc1cc2c(cc1Br)Oc1ccccc1O2,-5.921
Clc1cc2c(cc1Cl)Oc1cc(Br)c(Br)cc1O2,-8.333
Brc1cc2c(cc1Br)Oc1cc(Br)c(Br)cc1O2,-8.318999999999999
Fc1cc2c(cc1F)Oc1cc(Br)c(Br)cc1O2,-7.745
COC(=O)c1cc(Oc2ccc(C(F)(F)F)cc2Cl)ccc1[N+](=O)[O-],-7.125
CCCCCCCCC(=O)OCCCC,-1.67
CCOP(C)(=O)SCCN(C(C)C)C(C)C,-3.155
CN(C)c1nc(=O)n(C2CCCCC2)c(=O)n1C,-6.648
COC(=O)C(C)Oc1ccc(Oc2ccc(Cl)cc2Cl)cc1,-5.456
O=C(Nc1ccccc1)Nc1cnns1,-10.638
Clc1ccc(Oc2ccccc2)c(Cl)c1,-3.036
CCc1ccc2cc3ccccc3cc2c1,-5.281000000000001
CC1(C)C(C=C(Cl)Cl)C1C(=O)OCc1cccc(Oc2ccccc2)c1,-7.662000000000001
Clc1ccc(-c2c(Cl)cc(Cl)c(Cl)c2Cl)c(Cl)c1Cl,-5.854
Clc1cccc(-c2c(Cl)c(Cl)cc(Cl)c2Cl)c1Cl,-5.959
CC1(C)C(C=C(Br)Br)C1C(=O)OC(C#N)c1cccc(Oc2ccccc2)c1,-7.824
Cc1cc(C)nc(Nc2ccccc2)n1,-4.783
Clc1cc2c(Cl)cccc2c(Cl)c1Cl,-4.963
C=C(C)CN(CC)c1c([N+](=O)[O-])cc(C(F)(F)F)cc1[N+](=O)[O-],-4.0569999999999995
CCCCN(CCCC)SN(C)C(=O)Oc1cccc2c1OC(C)(C)C2,-6.513
CC1=C(C)S(=O)(=O)CCS1(=O)=O,-6.417000000000001
Clc1ccccc1-c1cc(Cl)c(Cl)c(Cl)c1Cl,-4.156000000000001
O=C(O)COc1nc(Cl)c(Cl)cc1Cl,-5.9
CCCCCCCCCCOC(=O)Cl,-1.59
CC(C)CCCCCCCO,-1.6840000000000002
Clc1ccc(Oc2ccccc2)cc1Cl,-3.185
CN(C)C(=O)Nc1cc(C(C)(C)C)on1,-6.417000000000001
CC(C)C(O)(c1ccc(OC(F)(F)F)cc1)c1cncnc1,-6.439
ClC1=C(Cl)C2(Cl)C(Cl)=C(Cl)C3C1C(Cl)CC32,-4.602
ClC1=C(Cl)C2(Cl)C(Cl)=C(Cl)C3CC1C(Cl)C32,-4.699
COP(=S)(OC)Oc1c(Cl)cc(C)cc1Cl,-3.367
COc1c(O)cc(Cl)c(Cl)c1Cl,-3.0460000000000003
Clc1cc2oc3c(Cl)c(Cl)c(Cl)cc3c2cc1Cl,-8.58
Clc1cc(Cl)c2oc3cc(Cl)c(Cl)cc3c2c1,-7.71
Clc1cc(Cl)c2oc3c(Cl)c(Cl)ccc3c2c1,-7.481
Clc1cc2oc3c(Cl)c(Cl)ccc3c2c(Cl)c1Cl,-8.648
Clc1cc2c(c(Cl)c1Cl)Oc1cc(Cl)c(Cl)c(Cl)c1O2,-10.444
COCC(=O)N(c1c(C)cccc1C)C(C)C(=O)OC,-5.25
O=C1c2ccccc2C(=O)c2c1ccc([N+](=O)[O-])c2[N+](=O)[O-],-11.155
COCC(F)(F)C(F)C(F)(F)F,1.785
Clc1cc2c(cc1Cl)Oc1c(Cl)c(Cl)cc(Cl)c1O2,-9.232999999999999
Clc1cc2oc3c(Cl)cc(Cl)c(Cl)c3c2cc1Cl,-8.824
Clc1cc2oc3ccc(Cl)c(Cl)c3c2cc1Cl,-7.745
Clc1cc2c(Cl)c(Cl)c(Cl)c(Cl)c2c(Cl)c1Cl,-7.071000000000001
Clc1ccc(Oc2ccc(Cl)cc2Cl)cc1,-3.815
CSC(C)=NOC(=O)N(C)SN(C)C(=O)ON=C(C)SC,-4.155
Cn1cc(-c2ccccc2)c(=O)c(-c2cccc(C(F)(F)F)c2)c1,-7.011
OC(c1ccc(Cl)cc1)(c1cncnc1)c1ccccc1Cl,-6.648
CCCC1COC(Cn2cncn2)(c2ccc(Cl)cc2Cl)O1,-6.377000000000001
Brc1ccc(Oc2cc(Br)c(Br)cc2Br)c(Br)c1,-7.5089999999999995
O=C1C(Cl)C(CCl)CN1c1cccc(C(F)(F)F)c1,-5.481
Clc1ccc(Oc2ccccc2Cl)cc1Cl,-3.8539999999999996
CCCCCCCCCCCCCCCCCCl,-4.337
Cc1cc(N)ccc1N=Nc1ccc([N+](=O)[O-])cc1,-9.147
CCN(Cc1c(F)cccc1Cl)c1c([N+](=O)[O-])cc(C(F)(F)F)cc1[N+](=O)[O-],-6.62
CN(c1c(Br)cc(Br)cc1Br)c1c([N+](=O)[O-])cc([N+](=O)[O-])cc1C(F)(F)F,-7.013
Clc1ccc(Oc2ccc(Cl)c(Cl)c2)cc1,-3.983
CC(C)OC(=O)C(C)N(C(=O)c1ccccc1)c1ccc(F)c(Cl)c1,-6.195
CCC1OCC(COc2ccc(Oc3ccccc3)cc2)O1,-6.084
CCCCCCCCCc1ccc(OP(=O)(Oc2ccccc2)Oc2ccccc2)cc1,-7.721
Clc1cc(Cl)c2c(c1)oc1cc(Cl)cc(Cl)c12,-7.726
COc1nc(C)nc(NC(=O)NS(=O)(=O)c2ccccc2Cl)n1,-10.648
Clc1ccc(Oc2cc(Cl)ccc2Cl)cc1,-3.764
Nc1nc(N)nc(NC2CC2)n1,-8.474
CCCC(Cn1cncn1)c1ccc(Cl)cc1Cl,-5.556
CC(C)Oc1cccc(NC(=O)c2ccccc2C(F)(F)F)c1,-7.312
CC1(C)C(C(=O)OC(C#N)c2cccc(Oc3ccccc3)c2)C1C(Br)C(Br)(Br)Br,-10.444
CC(Cc1ccc(C(C)(C)C)cc1)CN1CCCCC1,-3.8930000000000002
Clc1cc(Cl)c2oc3c(Cl)c(Cl)c(Cl)cc3c2c1,-8.726
CC1(C)CNC(=NN=C(C=Cc2ccc(C(F)(F)F)cc2)C=Cc2ccc(C(F)(F)F)cc2)NC1,-7.693
Clc1ccc2oc3c(Cl)c(Cl)c(Cl)c(Cl)c3c2c1,-8.443999999999999
Clc1cc2c(oc3c(Cl)c(Cl)c(Cl)c(Cl)c32)c(Cl)c1Cl,-10.452
CCCN(CCOc1c(Cl)cc(Cl)cc1Cl)C(=O)n1ccnc1,-5.947
Clc1ccc2c(Cl)cc(Cl)c(Cl)c2c1,-5.071000000000001
Clc1ccc2c(Cl)c(Cl)c(Cl)c(Cl)c2c1,-5.959
Cc1ccc(O)c([N+](=O)[O-])c1,-1.1079999999999999
O=C(Nc1ccccc1)Nc1ccnc(Cl)c1,-9.462
CCS(=O)(=O)Oc1ccc2c(c1)C(C)(C)CO2,-4.68
CCCOCC(=Nc1ccc(Cl)cc1C(F)(F)F)n1ccnc1,-5.854
Clc1ccc(Oc2ccccc2Cl)c(Cl)c1,-3.7260000000000004
CC(C)N1C(=O)N(c2ccccc2)CSC1=NC(C)(C)C,-5.027
COC(=O)C(C)Oc1ccc(Oc2ncc(C(F)(F)F)cc2Cl)cc1,-5.222
FCC(F)(F)OC(F)F,2.568
CC(C)C(C(=O)OC(C#N)c1cccc(Oc2ccccc2)c1)c1ccc(OC(F)F)cc1,-8.06
COCC(=O)N(c1c(C)cccc1C)C(C)C(=O)OC,-4.606
CCOC(=O)C(C)Oc1ccc(Oc2nc3ccc(Cl)cc3o2)cc1,-7.523
Cc1nn(C)c(OCC(=O)c2ccccc2)c1C(=O)c1ccc(Cl)cc1Cl,-6.444
Clc1cc(Cl)c2c(c1)oc1c(Cl)cc(Cl)cc12,-7.569
CCOC(=O)C1(C)OC(=O)N(c2cc(Cl)cc(Cl)c2)C1=O,-7.022
[O-][n+]1nc(-n2ccnc2)nc2ccc(Cl)cc21,-8.648
CCOC(=O)NCCOc1ccc(Oc2ccccc2)cc1,-8.187000000000001
O=C(OCc1ccccc1)c1sc(Cl)nc1C(F)(F)F,-6.5329999999999995
C#CCN1CC(=O)N(COC(=O)C2C(C=C(C)C)C2(C)C)C1=O,-7.87
CCCC(=NOCC)C1=C(O)CC(CC(C)SCC)CC1=O,-6.796
Clc1ccccc1-c1nnc(-c2ccccc2Cl)nn1,-9.011000000000001
N#Cc1c[nH]cc1-c1cccc(Cl)c1Cl,-7.081
CCOC(=O)NCCOc1ccc(Oc2ccccc2)cc1,-8.222000000000001
COC(=O)c1sccc1S(=O)(=O)NC(=O)Nc1nc(C)nc(OC)n1,-9.892999999999999
COC(=O)c1ccc(C)cc1C1=NC(=O)C(C)(C(C)C)N1,-7.947
CC1(C)CON(Cc2ccccc2Cl)C1=O,-3.842
CCC(C)(CC)c1cc(NC(=O)c2c(OC)cccc2OC)on1,-8.384
CCOC(=O)CCN(Cc1ccccc1)SN(C)C(=O)ON=C(C)SC,-7.456
O=C(Nc1ccc(F)cc1F)c1cccnc1Oc1cccc(C(F)(F)F)c1,-7.497999999999999
CCOC(=O)C1(C)OC(=O)N(c2cc(Cl)cc(Cl)c2)C1=O,-7.013
C[Si](Cn1cncn1)(c1ccc(F)cc1)c1ccc(F)cc1,-6.5329999999999995
CCN(C(=O)SCc1ccccc1)C(C)C(C)C,-5.12
O=C(NC(=O)c1c(F)cccc1F)Nc1cc(Cl)c(OC(F)(F)C(F)F)c(Cl)c1,-6.354
COCC(C)N(C(=O)CCl)c1c(C)csc1C,-3.5610000000000004
Clc1cc(Cl)c2c(Cl)c(Cl)cc(Cl)c2c1Cl,-6.456
CCOC(=O)c1ccccc1S(=O)(=O)NC(=O)Nc1nc(Cl)cc(OC)n1,-11.398
Brc1cccc2c1Oc1cccc(Br)c1O2,-5.947
CC1(C)C(C=C(Cl)C(F)(F)F)C1C(=O)OC(C#N)c1cccc(Oc2ccccc2)c1,-8.824
O=C(NC(=O)c1c(F)cccc1F)Nc1ccc(CON=C(c2ccc(Cl)cc2)C2CC2)cc1,-9.392999999999999
O=C(NC(=O)c1c(F)cccc1F)Nc1ccc(CON=C(c2ccc(Cl)cc2)C2CC2)cc1,-9.392999999999999
CCOC(=O)C1CC(=O)C(=C(O)C2CC2)C(=O)C1,-4.79
CCOP(=O)(SC(C)CC)SC(C)CC,-3.0460000000000003
CCOP(=O)(SC(C)CC)N1CCSC1=O,-5.377000000000001
CS(=O)(=O)c1ccc(C(=O)C2C(=O)CCCC2=O)c(Cl)c1,-7.426
CCCCCC(C)OC(=O)COc1ccc(Cl)c2cccnc12,-7.398
Clc1cc2c(Cl)cc(Cl)c(Cl)c2c(Cl)c1Cl,-6.456
O=c1sc2ccccc2c(O)c1C1CC(c2ccc(-c3ccc(Br)cc3)cc2)Cc2ccccc21,-6.256
C#CCOC(=O)C(C)Oc1ccc(Oc2ncc(Cl)cc2F)cc1,-7.62
Brc1ccc2c(c1)Oc1cc(Br)ccc1O2,-5.893
Brc1ccc2c(c1)Oc1ccccc1O2,-4.523
Cc1nn(C)c(Oc2ccccc2)c1C=NOCc1ccc(C(=O)OC(C)(C)C)cc1,-7.249
CC(C)(COCc1cccc(Oc2ccccc2)c1)c1ccc(OC(F)(F)Br)cc1,-8.234
CCOC(=O)CSc1nc(C(C)(C)C)nn1C(=O)N(C)C,-6.921
CCc1ccc(C(=O)NN(C(=O)c2cc(C)cc(C)c2)C(C)(C)C)cc1,-7.648
Clc1ccc(C2(Cn3cncn3)CC(Br)CO2)c(Cl)c1,-7.523
COC(=O)CSc1cc(N=c2sc(=O)n3n2CCCC3)c(F)cc1Cl,-8.48
COC(=O)c1c(C(F)F)nc(C(F)(F)F)c(C2=NCCS2)c1CC(C)C,-5.648
CCCN(CC)CC1COC2(CCC(C(C)(C)C)CC2)O1,-3.8930000000000002
NC(=O)c1nc(-c2ccccc2)n(-c2ccc(Cl)c(COCC(F)(F)C(F)(F)F)c2)n1,-6.824
CC1COC(Cn2cncn2)(c2ccc(Oc3ccc(Cl)cc3)cc2Cl)O1,-9.602
N#Cc1nn(-c2c(Cl)cc(C(F)(F)F)cc2Cl)c(N)c1S(=O)C(F)(F)F,-8.556000000000001
COc1cc(OC)nc(NC(=O)NS(=O)(=O)c2c(-c3nnn(C)n3)cnn2C)n1,-10.523
COc1cc(OC)nc(NC(=O)NS(=O)(=O)N(C)S(C)(=O)=O)n1,-6.7829999999999995
Cc1cc(C2CC2)nc(Nc2ccccc2)n1,-5.434
CC1(C)OC(c2ccco2)CN1C(=O)C(Cl)Cl,-7.305
COc1cc(OC)nc(NC(=O)NS(=O)(=O)c2c(Cl)nc3ccccn23)n1,-9.471
Cc1nn(-c2cc(NS(C)(=O)=O)c(Cl)cc2Cl)c(=O)n1C(F)F,-9.011000000000001
CCS(=O)(=O)c1cccnc1S(=O)(=O)NC(=O)Nc1nc(OC)cc(OC)n1,-7.947
Fc1ccc(Oc2ccnc3cc(Cl)cc(Cl)c23)cc1,-6.824
CCOC(=O)C(Cl)Cc1cc(-n2nc(C)n(C(F)F)c2=O)c(F)cc1Cl,-6.921
N#Cc1c[nH]cc1-c1cccc2c1OC(F)(F)O2,-8.533
COC=C(C(=O)OC)c1ccccc1Oc1cc(Oc2ccccc2C#N)ncn1,-12.084000000000001
CCC1(CC2(c3cccc(Cl)c3)CO2)C(=O)c2ccccc2C1=O,-7.699
CNC(=O)C(=NOC)c1ccccc1Oc1ccccc1,-6.87
CSC(=O)c1cccc2nnsc12,-5.481
CON=C(C)c1cccc(Oc2nc(OC)cc(OC)n2)c1C(=O)OC,-6.638
CS(=O)(=O)c1cc(C(F)(F)F)ccc1C(=O)c1cnoc1C1CC1,-8.125
CCS(=O)(=O)c1nc2ccccn2c1S(=O)(=O)NC(=O)Nc1nc(OC)cc(OC)n1,-9.18
COc1ccc(-c2ccccc2)cc1NNC(=O)OC(C)C,-7.125
Clc1cc2c(Cl)ccc(Cl)c2c(Cl)c1Cl,-6.0
CCOc1cc(C(C)(C)C)ccc1C1COC(c2c(F)cccc2F)=N1,-7.785
Clc1cccc(Oc2ccc(Cl)cc2Cl)c1,-3.745
Clc1ccc(Oc2cccc(Cl)c2Cl)cc1,-3.943
Clc1ccc(Oc2c(Cl)cccc2Cl)cc1,-3.656
Clc1cc(Cl)c(Cl)c(Oc2ccccc2)c1,-3.656
Clc1ccc(Cl)c(Oc2ccccc2)c1Cl,-3.545
Brc1ccc(Oc2ccc(Br)c(Br)c2Br)c(Br)c1,-8.142999999999999
Brc1ccc(Oc2c(Br)c(Br)c(Br)c(Br)c2Br)cc1Br,-9.456
